algorithm,n_qubits,oracle_desc,circuit_depth,gate_count_1q,gate_count_2q,total_gate_count,noise_type,noise_strength,success_probability
deutsch_jozsa,2,constant_0,3,5,0,5,none,0.0,1.0
deutsch_jozsa,2,constant_0,3,5,0,5,depolarizing,0.001,0.998779296875
deutsch_jozsa,2,constant_0,3,5,0,5,depolarizing,0.005,0.989013671875
deutsch_jozsa,2,constant_0,3,5,0,5,depolarizing,0.01,0.978759765625
deutsch_jozsa,2,constant_0,3,5,0,5,depolarizing,0.02,0.9619140625
deutsch_jozsa,2,constant_0,3,5,0,5,depolarizing,0.05,0.911376953125
deutsch_jozsa,2,constant_0,3,5,0,5,depolarizing,0.1,0.824462890625
deutsch_jozsa,2,constant_0,3,5,0,5,amplitude_damping,0.001,1.0
deutsch_jozsa,2,constant_0,3,5,0,5,amplitude_damping,0.005,0.998779296875
deutsch_jozsa,2,constant_0,3,5,0,5,amplitude_damping,0.01,0.995361328125
deutsch_jozsa,2,constant_0,3,5,0,5,amplitude_damping,0.02,0.98974609375
deutsch_jozsa,2,constant_0,3,5,0,5,amplitude_damping,0.05,0.9755859375
deutsch_jozsa,2,constant_0,3,5,0,5,amplitude_damping,0.1,0.95654296875
deutsch_jozsa,2,constant_0,3,5,0,5,thermal_relaxation,0.01,0.99951171875
deutsch_jozsa,2,constant_0,3,5,0,5,thermal_relaxation,0.02,0.999267578125
deutsch_jozsa,2,constant_0,3,5,0,5,thermal_relaxation,0.033,0.998779296875
deutsch_jozsa,2,constant_0,3,5,0,5,thermal_relaxation,0.05,0.998291015625
deutsch_jozsa,2,constant_0,3,5,0,5,thermal_relaxation,0.1,0.993896484375
deutsch_jozsa,2,constant_1,4,6,0,6,none,0.0,1.0
deutsch_jozsa,2,constant_1,4,6,0,6,depolarizing,0.001,0.998779296875
deutsch_jozsa,2,constant_1,4,6,0,6,depolarizing,0.005,0.989013671875
deutsch_jozsa,2,constant_1,4,6,0,6,depolarizing,0.01,0.978759765625
deutsch_jozsa,2,constant_1,4,6,0,6,depolarizing,0.02,0.9619140625
deutsch_jozsa,2,constant_1,4,6,0,6,depolarizing,0.05,0.911376953125
deutsch_jozsa,2,constant_1,4,6,0,6,depolarizing,0.1,0.824462890625
deutsch_jozsa,2,constant_1,4,6,0,6,amplitude_damping,0.001,1.0
deutsch_jozsa,2,constant_1,4,6,0,6,amplitude_damping,0.005,0.998779296875
deutsch_jozsa,2,constant_1,4,6,0,6,amplitude_damping,0.01,0.995361328125
deutsch_jozsa,2,constant_1,4,6,0,6,amplitude_damping,0.02,0.98974609375
deutsch_jozsa,2,constant_1,4,6,0,6,amplitude_damping,0.05,0.9755859375
deutsch_jozsa,2,constant_1,4,6,0,6,amplitude_damping,0.1,0.95654296875
deutsch_jozsa,2,constant_1,4,6,0,6,thermal_relaxation,0.01,0.99951171875
deutsch_jozsa,2,constant_1,4,6,0,6,thermal_relaxation,0.02,0.999267578125
deutsch_jozsa,2,constant_1,4,6,0,6,thermal_relaxation,0.033,0.998779296875
deutsch_jozsa,2,constant_1,4,6,0,6,thermal_relaxation,0.05,0.998291015625
deutsch_jozsa,2,constant_1,4,6,0,6,thermal_relaxation,0.1,0.993896484375
deutsch_jozsa,2,balanced_0,7,8,2,10,none,0.0,1.0
deutsch_jozsa,2,balanced_0,7,8,2,10,depolarizing,0.001,0.998779296875
deutsch_jozsa,2,balanced_0,7,8,2,10,depolarizing,0.005,0.994140625
deutsch_jozsa,2,balanced_0,7,8,2,10,depolarizing,0.01,0.990234375
deutsch_jozsa,2,balanced_0,7,8,2,10,depolarizing,0.02,0.981201171875
deutsch_jozsa,2,balanced_0,7,8,2,10,depolarizing,0.05,0.948486328125
deutsch_jozsa,2,balanced_0,7,8,2,10,depolarizing,0.1,0.9033203125
deutsch_jozsa,2,balanced_0,7,8,2,10,amplitude_damping,0.001,0.999755859375
deutsch_jozsa,2,balanced_0,7,8,2,10,amplitude_damping,0.005,0.99853515625
deutsch_jozsa,2,balanced_0,7,8,2,10,amplitude_damping,0.01,0.997314453125
deutsch_jozsa,2,balanced_0,7,8,2,10,amplitude_damping,0.02,0.993408203125
deutsch_jozsa,2,balanced_0,7,8,2,10,amplitude_damping,0.05,0.98046875
deutsch_jozsa,2,balanced_0,7,8,2,10,amplitude_damping,0.1,0.948486328125
deutsch_jozsa,2,balanced_0,7,8,2,10,thermal_relaxation,0.01,0.99951171875
deutsch_jozsa,2,balanced_0,7,8,2,10,thermal_relaxation,0.02,0.9990234375
deutsch_jozsa,2,balanced_0,7,8,2,10,thermal_relaxation,0.033,0.998779296875
deutsch_jozsa,2,balanced_0,7,8,2,10,thermal_relaxation,0.05,0.997802734375
deutsch_jozsa,2,balanced_0,7,8,2,10,thermal_relaxation,0.1,0.99365234375
deutsch_jozsa,2,balanced_1,7,9,2,11,none,0.0,1.0
deutsch_jozsa,2,balanced_1,7,9,2,11,depolarizing,0.001,0.998779296875
deutsch_jozsa,2,balanced_1,7,9,2,11,depolarizing,0.005,0.993896484375
deutsch_jozsa,2,balanced_1,7,9,2,11,depolarizing,0.01,0.990234375
deutsch_jozsa,2,balanced_1,7,9,2,11,depolarizing,0.02,0.98095703125
deutsch_jozsa,2,balanced_1,7,9,2,11,depolarizing,0.05,0.946044921875
deutsch_jozsa,2,balanced_1,7,9,2,11,depolarizing,0.1,0.898681640625
deutsch_jozsa,2,balanced_1,7,9,2,11,amplitude_damping,0.001,0.999755859375
deutsch_jozsa,2,balanced_1,7,9,2,11,amplitude_damping,0.005,0.99853515625
deutsch_jozsa,2,balanced_1,7,9,2,11,amplitude_damping,0.01,0.997314453125
deutsch_jozsa,2,balanced_1,7,9,2,11,amplitude_damping,0.02,0.993408203125
deutsch_jozsa,2,balanced_1,7,9,2,11,amplitude_damping,0.05,0.979248046875
deutsch_jozsa,2,balanced_1,7,9,2,11,amplitude_damping,0.1,0.94482421875
deutsch_jozsa,2,balanced_1,7,9,2,11,thermal_relaxation,0.01,0.99951171875
deutsch_jozsa,2,balanced_1,7,9,2,11,thermal_relaxation,0.02,0.9990234375
deutsch_jozsa,2,balanced_1,7,9,2,11,thermal_relaxation,0.033,0.998779296875
deutsch_jozsa,2,balanced_1,7,9,2,11,thermal_relaxation,0.05,0.99755859375
deutsch_jozsa,2,balanced_1,7,9,2,11,thermal_relaxation,0.1,0.99365234375
deutsch_jozsa,2,balanced_2,6,7,2,9,none,0.0,1.0
deutsch_jozsa,2,balanced_2,6,7,2,9,depolarizing,0.001,0.998779296875
deutsch_jozsa,2,balanced_2,6,7,2,9,depolarizing,0.005,0.994140625
deutsch_jozsa,2,balanced_2,6,7,2,9,depolarizing,0.01,0.990234375
deutsch_jozsa,2,balanced_2,6,7,2,9,depolarizing,0.02,0.981201171875
deutsch_jozsa,2,balanced_2,6,7,2,9,depolarizing,0.05,0.948486328125
deutsch_jozsa,2,balanced_2,6,7,2,9,depolarizing,0.1,0.905517578125
deutsch_jozsa,2,balanced_2,6,7,2,9,amplitude_damping,0.001,0.999755859375
deutsch_jozsa,2,balanced_2,6,7,2,9,amplitude_damping,0.005,0.998779296875
deutsch_jozsa,2,balanced_2,6,7,2,9,amplitude_damping,0.01,0.997314453125
deutsch_jozsa,2,balanced_2,6,7,2,9,amplitude_damping,0.02,0.99365234375
deutsch_jozsa,2,balanced_2,6,7,2,9,amplitude_damping,0.05,0.980712890625
deutsch_jozsa,2,balanced_2,6,7,2,9,amplitude_damping,0.1,0.95166015625
deutsch_jozsa,2,balanced_2,6,7,2,9,thermal_relaxation,0.01,0.99951171875
deutsch_jozsa,2,balanced_2,6,7,2,9,thermal_relaxation,0.02,0.9990234375
deutsch_jozsa,2,balanced_2,6,7,2,9,thermal_relaxation,0.033,0.998779296875
deutsch_jozsa,2,balanced_2,6,7,2,9,thermal_relaxation,0.05,0.99755859375
deutsch_jozsa,2,balanced_2,6,7,2,9,thermal_relaxation,0.1,0.993896484375
bernstein_vazirani,2,secret_01,4,5,1,6,none,0.0,1.0
bernstein_vazirani,2,secret_01,4,5,1,6,depolarizing,0.001,0.99658203125
bernstein_vazirani,2,secret_01,4,5,1,6,depolarizing,0.005,0.984375
bernstein_vazirani,2,secret_01,4,5,1,6,depolarizing,0.01,0.966552734375
bernstein_vazirani,2,secret_01,4,5,1,6,depolarizing,0.02,0.93115234375
bernstein_vazirani,2,secret_01,4,5,1,6,depolarizing,0.05,0.846923828125
bernstein_vazirani,2,secret_01,4,5,1,6,depolarizing,0.1,0.71728515625
bernstein_vazirani,2,secret_01,4,5,1,6,amplitude_damping,0.001,0.998046875
bernstein_vazirani,2,secret_01,4,5,1,6,amplitude_damping,0.005,0.990478515625
bernstein_vazirani,2,secret_01,4,5,1,6,amplitude_damping,0.01,0.982421875
bernstein_vazirani,2,secret_01,4,5,1,6,amplitude_damping,0.02,0.95947265625
bernstein_vazirani,2,secret_01,4,5,1,6,amplitude_damping,0.05,0.906005859375
bernstein_vazirani,2,secret_01,4,5,1,6,amplitude_damping,0.1,0.821044921875
bernstein_vazirani,2,secret_01,4,5,1,6,thermal_relaxation,0.01,0.995849609375
bernstein_vazirani,2,secret_01,4,5,1,6,thermal_relaxation,0.02,0.994384765625
bernstein_vazirani,2,secret_01,4,5,1,6,thermal_relaxation,0.033,0.99169921875
bernstein_vazirani,2,secret_01,4,5,1,6,thermal_relaxation,0.05,0.984375
bernstein_vazirani,2,secret_01,4,5,1,6,thermal_relaxation,0.1,0.964111328125
bernstein_vazirani,2,secret_10,4,5,1,6,none,0.0,1.0
bernstein_vazirani,2,secret_10,4,5,1,6,depolarizing,0.001,0.99658203125
bernstein_vazirani,2,secret_10,4,5,1,6,depolarizing,0.005,0.984375
bernstein_vazirani,2,secret_10,4,5,1,6,depolarizing,0.01,0.96630859375
bernstein_vazirani,2,secret_10,4,5,1,6,depolarizing,0.02,0.931396484375
bernstein_vazirani,2,secret_10,4,5,1,6,depolarizing,0.05,0.847412109375
bernstein_vazirani,2,secret_10,4,5,1,6,depolarizing,0.1,0.721435546875
bernstein_vazirani,2,secret_10,4,5,1,6,amplitude_damping,0.001,0.998046875
bernstein_vazirani,2,secret_10,4,5,1,6,amplitude_damping,0.005,0.990478515625
bernstein_vazirani,2,secret_10,4,5,1,6,amplitude_damping,0.01,0.982421875
bernstein_vazirani,2,secret_10,4,5,1,6,amplitude_damping,0.02,0.95947265625
bernstein_vazirani,2,secret_10,4,5,1,6,amplitude_damping,0.05,0.906005859375
bernstein_vazirani,2,secret_10,4,5,1,6,amplitude_damping,0.1,0.8212890625
bernstein_vazirani,2,secret_10,4,5,1,6,thermal_relaxation,0.01,0.995849609375
bernstein_vazirani,2,secret_10,4,5,1,6,thermal_relaxation,0.02,0.994384765625
bernstein_vazirani,2,secret_10,4,5,1,6,thermal_relaxation,0.033,0.99169921875
bernstein_vazirani,2,secret_10,4,5,1,6,thermal_relaxation,0.05,0.984375
bernstein_vazirani,2,secret_10,4,5,1,6,thermal_relaxation,0.1,0.964111328125
bernstein_vazirani,2,secret_11,5,5,2,7,none,0.0,1.0
bernstein_vazirani,2,secret_11,5,5,2,7,depolarizing,0.001,0.994384765625
bernstein_vazirani,2,secret_11,5,5,2,7,depolarizing,0.005,0.97705078125
bernstein_vazirani,2,secret_11,5,5,2,7,depolarizing,0.01,0.951904296875
bernstein_vazirani,2,secret_11,5,5,2,7,depolarizing,0.02,0.907958984375
bernstein_vazirani,2,secret_11,5,5,2,7,depolarizing,0.05,0.782958984375
bernstein_vazirani,2,secret_11,5,5,2,7,depolarizing,0.1,0.6201171875
bernstein_vazirani,2,secret_11,5,5,2,7,amplitude_damping,0.001,0.996337890625
bernstein_vazirani,2,secret_11,5,5,2,7,amplitude_damping,0.005,0.984375
bernstein_vazirani,2,secret_11,5,5,2,7,amplitude_damping,0.01,0.96630859375
bernstein_vazirani,2,secret_11,5,5,2,7,amplitude_damping,0.02,0.9306640625
bernstein_vazirani,2,secret_11,5,5,2,7,amplitude_damping,0.05,0.84375
bernstein_vazirani,2,secret_11,5,5,2,7,amplitude_damping,0.1,0.695068359375
bernstein_vazirani,2,secret_11,5,5,2,7,thermal_relaxation,0.01,0.99169921875
bernstein_vazirani,2,secret_11,5,5,2,7,thermal_relaxation,0.02,0.986572265625
bernstein_vazirani,2,secret_11,5,5,2,7,thermal_relaxation,0.033,0.97509765625
bernstein_vazirani,2,secret_11,5,5,2,7,thermal_relaxation,0.05,0.9599609375
bernstein_vazirani,2,secret_11,5,5,2,7,thermal_relaxation,0.1,0.931640625
simons,2,period_01,4,4,1,5,none,0.0,1.0
simons,2,period_01,4,4,1,5,depolarizing,0.001,0.99853515625
simons,2,period_01,4,4,1,5,depolarizing,0.005,0.994873046875
simons,2,period_01,4,4,1,5,depolarizing,0.01,0.990234375
simons,2,period_01,4,4,1,5,depolarizing,0.02,0.98046875
simons,2,period_01,4,4,1,5,depolarizing,0.05,0.94921875
simons,2,period_01,4,4,1,5,depolarizing,0.1,0.904296875
simons,2,period_01,4,4,1,5,amplitude_damping,0.001,0.99951171875
simons,2,period_01,4,4,1,5,amplitude_damping,0.005,0.999267578125
simons,2,period_01,4,4,1,5,amplitude_damping,0.01,0.998046875
simons,2,period_01,4,4,1,5,amplitude_damping,0.02,0.993896484375
simons,2,period_01,4,4,1,5,amplitude_damping,0.05,0.990478515625
simons,2,period_01,4,4,1,5,amplitude_damping,0.1,0.977783203125
simons,2,period_01,4,4,1,5,thermal_relaxation,0.01,0.999755859375
simons,2,period_01,4,4,1,5,thermal_relaxation,0.02,0.999755859375
simons,2,period_01,4,4,1,5,thermal_relaxation,0.033,0.9990234375
simons,2,period_01,4,4,1,5,thermal_relaxation,0.05,0.99853515625
simons,2,period_01,4,4,1,5,thermal_relaxation,0.1,0.996337890625
simons,2,period_10,4,4,1,5,none,0.0,1.0
simons,2,period_10,4,4,1,5,depolarizing,0.001,0.9990234375
simons,2,period_10,4,4,1,5,depolarizing,0.005,0.995361328125
simons,2,period_10,4,4,1,5,depolarizing,0.01,0.9892578125
simons,2,period_10,4,4,1,5,depolarizing,0.02,0.977294921875
simons,2,period_10,4,4,1,5,depolarizing,0.05,0.950439453125
simons,2,period_10,4,4,1,5,depolarizing,0.1,0.90380859375
simons,2,period_10,4,4,1,5,amplitude_damping,0.001,0.999755859375
simons,2,period_10,4,4,1,5,amplitude_damping,0.005,0.999267578125
simons,2,period_10,4,4,1,5,amplitude_damping,0.01,0.998779296875
simons,2,period_10,4,4,1,5,amplitude_damping,0.02,0.99560546875
simons,2,period_10,4,4,1,5,amplitude_damping,0.05,0.990234375
simons,2,period_10,4,4,1,5,amplitude_damping,0.1,0.97412109375
simons,2,period_10,4,4,1,5,thermal_relaxation,0.01,1.0
simons,2,period_10,4,4,1,5,thermal_relaxation,0.02,1.0
simons,2,period_10,4,4,1,5,thermal_relaxation,0.033,0.999755859375
simons,2,period_10,4,4,1,5,thermal_relaxation,0.05,0.99853515625
simons,2,period_10,4,4,1,5,thermal_relaxation,0.1,0.99755859375
simons,2,period_11,5,4,2,6,none,0.0,1.0
simons,2,period_11,5,4,2,6,depolarizing,0.001,0.996826171875
simons,2,period_11,5,4,2,6,depolarizing,0.005,0.98193359375
simons,2,period_11,5,4,2,6,depolarizing,0.01,0.958984375
simons,2,period_11,5,4,2,6,depolarizing,0.02,0.92138671875
simons,2,period_11,5,4,2,6,depolarizing,0.05,0.826904296875
simons,2,period_11,5,4,2,6,depolarizing,0.1,0.70849609375
simons,2,period_11,5,4,2,6,amplitude_damping,0.001,0.998779296875
simons,2,period_11,5,4,2,6,amplitude_damping,0.005,0.988525390625
simons,2,period_11,5,4,2,6,amplitude_damping,0.01,0.9736328125
simons,2,period_11,5,4,2,6,amplitude_damping,0.02,0.953125
simons,2,period_11,5,4,2,6,amplitude_damping,0.05,0.89208984375
simons,2,period_11,5,4,2,6,amplitude_damping,0.1,0.815185546875
simons,2,period_11,5,4,2,6,thermal_relaxation,0.01,0.99267578125
simons,2,period_11,5,4,2,6,thermal_relaxation,0.02,0.987060546875
simons,2,period_11,5,4,2,6,thermal_relaxation,0.033,0.97802734375
simons,2,period_11,5,4,2,6,thermal_relaxation,0.05,0.96630859375
simons,2,period_11,5,4,2,6,thermal_relaxation,0.1,0.934326171875
deutsch_jozsa,3,constant_0,3,7,0,7,none,0.0,1.0
deutsch_jozsa,3,constant_0,3,7,0,7,depolarizing,0.001,0.998291015625
deutsch_jozsa,3,constant_0,3,7,0,7,depolarizing,0.005,0.9833984375
deutsch_jozsa,3,constant_0,3,7,0,7,depolarizing,0.01,0.971923828125
deutsch_jozsa,3,constant_0,3,7,0,7,depolarizing,0.02,0.94580078125
deutsch_jozsa,3,constant_0,3,7,0,7,depolarizing,0.05,0.863525390625
deutsch_jozsa,3,constant_0,3,7,0,7,depolarizing,0.1,0.7421875
deutsch_jozsa,3,constant_0,3,7,0,7,amplitude_damping,0.001,0.99951171875
deutsch_jozsa,3,constant_0,3,7,0,7,amplitude_damping,0.005,0.9970703125
deutsch_jozsa,3,constant_0,3,7,0,7,amplitude_damping,0.01,0.992431640625
deutsch_jozsa,3,constant_0,3,7,0,7,amplitude_damping,0.02,0.984130859375
deutsch_jozsa,3,constant_0,3,7,0,7,amplitude_damping,0.05,0.96630859375
deutsch_jozsa,3,constant_0,3,7,0,7,amplitude_damping,0.1,0.9365234375
deutsch_jozsa,3,constant_0,3,7,0,7,thermal_relaxation,0.01,0.999267578125
deutsch_jozsa,3,constant_0,3,7,0,7,thermal_relaxation,0.02,0.9990234375
deutsch_jozsa,3,constant_0,3,7,0,7,thermal_relaxation,0.033,0.998046875
deutsch_jozsa,3,constant_0,3,7,0,7,thermal_relaxation,0.05,0.995849609375
deutsch_jozsa,3,constant_0,3,7,0,7,thermal_relaxation,0.1,0.990234375
deutsch_jozsa,3,constant_1,4,8,0,8,none,0.0,1.0
deutsch_jozsa,3,constant_1,4,8,0,8,depolarizing,0.001,0.998291015625
deutsch_jozsa,3,constant_1,4,8,0,8,depolarizing,0.005,0.9833984375
deutsch_jozsa,3,constant_1,4,8,0,8,depolarizing,0.01,0.971923828125
deutsch_jozsa,3,constant_1,4,8,0,8,depolarizing,0.02,0.94580078125
deutsch_jozsa,3,constant_1,4,8,0,8,depolarizing,0.05,0.863525390625
deutsch_jozsa,3,constant_1,4,8,0,8,depolarizing,0.1,0.7421875
deutsch_jozsa,3,constant_1,4,8,0,8,amplitude_damping,0.001,0.99951171875
deutsch_jozsa,3,constant_1,4,8,0,8,amplitude_damping,0.005,0.9970703125
deutsch_jozsa,3,constant_1,4,8,0,8,amplitude_damping,0.01,0.992431640625
deutsch_jozsa,3,constant_1,4,8,0,8,amplitude_damping,0.02,0.984130859375
deutsch_jozsa,3,constant_1,4,8,0,8,amplitude_damping,0.05,0.96630859375
deutsch_jozsa,3,constant_1,4,8,0,8,amplitude_damping,0.1,0.9365234375
deutsch_jozsa,3,constant_1,4,8,0,8,thermal_relaxation,0.01,0.999267578125
deutsch_jozsa,3,constant_1,4,8,0,8,thermal_relaxation,0.02,0.9990234375
deutsch_jozsa,3,constant_1,4,8,0,8,thermal_relaxation,0.033,0.998046875
deutsch_jozsa,3,constant_1,4,8,0,8,thermal_relaxation,0.05,0.995849609375
deutsch_jozsa,3,constant_1,4,8,0,8,thermal_relaxation,0.1,0.990234375
deutsch_jozsa,3,balanced_0,7,11,3,14,none,0.0,1.0
deutsch_jozsa,3,balanced_0,7,11,3,14,depolarizing,0.001,0.998779296875
deutsch_jozsa,3,balanced_0,7,11,3,14,depolarizing,0.005,0.99462890625
deutsch_jozsa,3,balanced_0,7,11,3,14,depolarizing,0.01,0.990234375
deutsch_jozsa,3,balanced_0,7,11,3,14,depolarizing,0.02,0.983154296875
deutsch_jozsa,3,balanced_0,7,11,3,14,depolarizing,0.05,0.963623046875
deutsch_jozsa,3,balanced_0,7,11,3,14,depolarizing,0.1,0.93896484375
deutsch_jozsa,3,balanced_0,7,11,3,14,amplitude_damping,0.001,0.999755859375
deutsch_jozsa,3,balanced_0,7,11,3,14,amplitude_damping,0.005,0.99853515625
deutsch_jozsa,3,balanced_0,7,11,3,14,amplitude_damping,0.01,0.99755859375
deutsch_jozsa,3,balanced_0,7,11,3,14,amplitude_damping,0.02,0.994384765625
deutsch_jozsa,3,balanced_0,7,11,3,14,amplitude_damping,0.05,0.987548828125
deutsch_jozsa,3,balanced_0,7,11,3,14,amplitude_damping,0.1,0.971435546875
deutsch_jozsa,3,balanced_0,7,11,3,14,thermal_relaxation,0.01,0.99951171875
deutsch_jozsa,3,balanced_0,7,11,3,14,thermal_relaxation,0.02,0.9990234375
deutsch_jozsa,3,balanced_0,7,11,3,14,thermal_relaxation,0.033,0.998779296875
deutsch_jozsa,3,balanced_0,7,11,3,14,thermal_relaxation,0.05,0.998291015625
deutsch_jozsa,3,balanced_0,7,11,3,14,thermal_relaxation,0.1,0.994140625
deutsch_jozsa,3,balanced_1,7,11,3,14,none,0.0,1.0
deutsch_jozsa,3,balanced_1,7,11,3,14,depolarizing,0.001,0.998779296875
deutsch_jozsa,3,balanced_1,7,11,3,14,depolarizing,0.005,0.99462890625
deutsch_jozsa,3,balanced_1,7,11,3,14,depolarizing,0.01,0.990234375
deutsch_jozsa,3,balanced_1,7,11,3,14,depolarizing,0.02,0.983154296875
deutsch_jozsa,3,balanced_1,7,11,3,14,depolarizing,0.05,0.96337890625
deutsch_jozsa,3,balanced_1,7,11,3,14,depolarizing,0.1,0.9365234375
deutsch_jozsa,3,balanced_1,7,11,3,14,amplitude_damping,0.001,0.999755859375
deutsch_jozsa,3,balanced_1,7,11,3,14,amplitude_damping,0.005,0.99853515625
deutsch_jozsa,3,balanced_1,7,11,3,14,amplitude_damping,0.01,0.99755859375
deutsch_jozsa,3,balanced_1,7,11,3,14,amplitude_damping,0.02,0.994384765625
deutsch_jozsa,3,balanced_1,7,11,3,14,amplitude_damping,0.05,0.987060546875
deutsch_jozsa,3,balanced_1,7,11,3,14,amplitude_damping,0.1,0.971435546875
deutsch_jozsa,3,balanced_1,7,11,3,14,thermal_relaxation,0.01,0.99951171875
deutsch_jozsa,3,balanced_1,7,11,3,14,thermal_relaxation,0.02,0.9990234375
deutsch_jozsa,3,balanced_1,7,11,3,14,thermal_relaxation,0.033,0.998779296875
deutsch_jozsa,3,balanced_1,7,11,3,14,thermal_relaxation,0.05,0.998291015625
deutsch_jozsa,3,balanced_1,7,11,3,14,thermal_relaxation,0.1,0.993896484375
deutsch_jozsa,3,balanced_2,7,10,3,13,none,0.0,1.0
deutsch_jozsa,3,balanced_2,7,10,3,13,depolarizing,0.001,0.998779296875
deutsch_jozsa,3,balanced_2,7,10,3,13,depolarizing,0.005,0.99462890625
deutsch_jozsa,3,balanced_2,7,10,3,13,depolarizing,0.01,0.990234375
deutsch_jozsa,3,balanced_2,7,10,3,13,depolarizing,0.02,0.983154296875
deutsch_jozsa,3,balanced_2,7,10,3,13,depolarizing,0.05,0.963623046875
deutsch_jozsa,3,balanced_2,7,10,3,13,depolarizing,0.1,0.9375
deutsch_jozsa,3,balanced_2,7,10,3,13,amplitude_damping,0.001,0.999755859375
deutsch_jozsa,3,balanced_2,7,10,3,13,amplitude_damping,0.005,0.998779296875
deutsch_jozsa,3,balanced_2,7,10,3,13,amplitude_damping,0.01,0.997314453125
deutsch_jozsa,3,balanced_2,7,10,3,13,amplitude_damping,0.02,0.994384765625
deutsch_jozsa,3,balanced_2,7,10,3,13,amplitude_damping,0.05,0.987548828125
deutsch_jozsa,3,balanced_2,7,10,3,13,amplitude_damping,0.1,0.97314453125
deutsch_jozsa,3,balanced_2,7,10,3,13,thermal_relaxation,0.01,0.99951171875
deutsch_jozsa,3,balanced_2,7,10,3,13,thermal_relaxation,0.02,0.9990234375
deutsch_jozsa,3,balanced_2,7,10,3,13,thermal_relaxation,0.033,0.998779296875
deutsch_jozsa,3,balanced_2,7,10,3,13,thermal_relaxation,0.05,0.998291015625
deutsch_jozsa,3,balanced_2,7,10,3,13,thermal_relaxation,0.1,0.994384765625
bernstein_vazirani,3,secret_100,4,7,1,8,none,0.0,1.0
bernstein_vazirani,3,secret_100,4,7,1,8,depolarizing,0.001,0.995361328125
bernstein_vazirani,3,secret_100,4,7,1,8,depolarizing,0.005,0.978271484375
bernstein_vazirani,3,secret_100,4,7,1,8,depolarizing,0.01,0.955078125
bernstein_vazirani,3,secret_100,4,7,1,8,depolarizing,0.02,0.9140625
bernstein_vazirani,3,secret_100,4,7,1,8,depolarizing,0.05,0.808349609375
bernstein_vazirani,3,secret_100,4,7,1,8,depolarizing,0.1,0.65087890625
bernstein_vazirani,3,secret_100,4,7,1,8,amplitude_damping,0.001,0.998046875
bernstein_vazirani,3,secret_100,4,7,1,8,amplitude_damping,0.005,0.989501953125
bernstein_vazirani,3,secret_100,4,7,1,8,amplitude_damping,0.01,0.98095703125
bernstein_vazirani,3,secret_100,4,7,1,8,amplitude_damping,0.02,0.955322265625
bernstein_vazirani,3,secret_100,4,7,1,8,amplitude_damping,0.05,0.89111328125
bernstein_vazirani,3,secret_100,4,7,1,8,amplitude_damping,0.1,0.801513671875
bernstein_vazirani,3,secret_100,4,7,1,8,thermal_relaxation,0.01,0.995849609375
bernstein_vazirani,3,secret_100,4,7,1,8,thermal_relaxation,0.02,0.9931640625
bernstein_vazirani,3,secret_100,4,7,1,8,thermal_relaxation,0.033,0.99072265625
bernstein_vazirani,3,secret_100,4,7,1,8,thermal_relaxation,0.05,0.9833984375
bernstein_vazirani,3,secret_100,4,7,1,8,thermal_relaxation,0.1,0.962890625
bernstein_vazirani,3,secret_101,5,7,2,9,none,0.0,1.0
bernstein_vazirani,3,secret_101,5,7,2,9,depolarizing,0.001,0.993408203125
bernstein_vazirani,3,secret_101,5,7,2,9,depolarizing,0.005,0.97265625
bernstein_vazirani,3,secret_101,5,7,2,9,depolarizing,0.01,0.94140625
bernstein_vazirani,3,secret_101,5,7,2,9,depolarizing,0.02,0.886962890625
bernstein_vazirani,3,secret_101,5,7,2,9,depolarizing,0.05,0.74365234375
bernstein_vazirani,3,secret_101,5,7,2,9,depolarizing,0.1,0.5625
bernstein_vazirani,3,secret_101,5,7,2,9,amplitude_damping,0.001,0.99609375
bernstein_vazirani,3,secret_101,5,7,2,9,amplitude_damping,0.005,0.982421875
bernstein_vazirani,3,secret_101,5,7,2,9,amplitude_damping,0.01,0.96484375
bernstein_vazirani,3,secret_101,5,7,2,9,amplitude_damping,0.02,0.927490234375
bernstein_vazirani,3,secret_101,5,7,2,9,amplitude_damping,0.05,0.830810546875
bernstein_vazirani,3,secret_101,5,7,2,9,amplitude_damping,0.1,0.6796875
bernstein_vazirani,3,secret_101,5,7,2,9,thermal_relaxation,0.01,0.991455078125
bernstein_vazirani,3,secret_101,5,7,2,9,thermal_relaxation,0.02,0.986572265625
bernstein_vazirani,3,secret_101,5,7,2,9,thermal_relaxation,0.033,0.974853515625
bernstein_vazirani,3,secret_101,5,7,2,9,thermal_relaxation,0.05,0.958984375
bernstein_vazirani,3,secret_101,5,7,2,9,thermal_relaxation,0.1,0.928466796875
bernstein_vazirani,3,secret_111,6,7,3,10,none,0.0,1.0
bernstein_vazirani,3,secret_111,6,7,3,10,depolarizing,0.001,0.99169921875
bernstein_vazirani,3,secret_111,6,7,3,10,depolarizing,0.005,0.96484375
bernstein_vazirani,3,secret_111,6,7,3,10,depolarizing,0.01,0.93017578125
bernstein_vazirani,3,secret_111,6,7,3,10,depolarizing,0.02,0.865478515625
bernstein_vazirani,3,secret_111,6,7,3,10,depolarizing,0.05,0.68701171875
bernstein_vazirani,3,secret_111,6,7,3,10,depolarizing,0.1,0.477294921875
bernstein_vazirani,3,secret_111,6,7,3,10,amplitude_damping,0.001,0.994140625
bernstein_vazirani,3,secret_111,6,7,3,10,amplitude_damping,0.005,0.9755859375
bernstein_vazirani,3,secret_111,6,7,3,10,amplitude_damping,0.01,0.94775390625
bernstein_vazirani,3,secret_111,6,7,3,10,amplitude_damping,0.02,0.90283203125
bernstein_vazirani,3,secret_111,6,7,3,10,amplitude_damping,0.05,0.76904296875
bernstein_vazirani,3,secret_111,6,7,3,10,amplitude_damping,0.1,0.578857421875
bernstein_vazirani,3,secret_111,6,7,3,10,thermal_relaxation,0.01,0.9892578125
bernstein_vazirani,3,secret_111,6,7,3,10,thermal_relaxation,0.02,0.977783203125
bernstein_vazirani,3,secret_111,6,7,3,10,thermal_relaxation,0.033,0.9599609375
bernstein_vazirani,3,secret_111,6,7,3,10,thermal_relaxation,0.05,0.94189453125
bernstein_vazirani,3,secret_111,6,7,3,10,thermal_relaxation,0.1,0.88916015625
simons,3,period_010,4,6,2,8,none,0.0,1.0
simons,3,period_010,4,6,2,8,depolarizing,0.001,0.999267578125
simons,3,period_010,4,6,2,8,depolarizing,0.005,0.99365234375
simons,3,period_010,4,6,2,8,depolarizing,0.01,0.98974609375
simons,3,period_010,4,6,2,8,depolarizing,0.02,0.979736328125
simons,3,period_010,4,6,2,8,depolarizing,0.05,0.95166015625
simons,3,period_010,4,6,2,8,depolarizing,0.1,0.901123046875
simons,3,period_010,4,6,2,8,amplitude_damping,0.001,0.999267578125
simons,3,period_010,4,6,2,8,amplitude_damping,0.005,0.998291015625
simons,3,period_010,4,6,2,8,amplitude_damping,0.01,0.998046875
simons,3,period_010,4,6,2,8,amplitude_damping,0.02,0.99609375
simons,3,period_010,4,6,2,8,amplitude_damping,0.05,0.986083984375
simons,3,period_010,4,6,2,8,amplitude_damping,0.1,0.976318359375
simons,3,period_010,4,6,2,8,thermal_relaxation,0.01,0.999755859375
simons,3,period_010,4,6,2,8,thermal_relaxation,0.02,0.99951171875
simons,3,period_010,4,6,2,8,thermal_relaxation,0.033,0.999267578125
simons,3,period_010,4,6,2,8,thermal_relaxation,0.05,0.9990234375
simons,3,period_010,4,6,2,8,thermal_relaxation,0.1,0.996826171875
simons,3,period_011,5,6,3,9,none,0.0,1.0
simons,3,period_011,5,6,3,9,depolarizing,0.001,0.994873046875
simons,3,period_011,5,6,3,9,depolarizing,0.005,0.97998046875
simons,3,period_011,5,6,3,9,depolarizing,0.01,0.96142578125
simons,3,period_011,5,6,3,9,depolarizing,0.02,0.92822265625
simons,3,period_011,5,6,3,9,depolarizing,0.05,0.83544921875
simons,3,period_011,5,6,3,9,depolarizing,0.1,0.7109375
simons,3,period_011,5,6,3,9,amplitude_damping,0.001,0.997314453125
simons,3,period_011,5,6,3,9,amplitude_damping,0.005,0.986083984375
simons,3,period_011,5,6,3,9,amplitude_damping,0.01,0.97705078125
simons,3,period_011,5,6,3,9,amplitude_damping,0.02,0.953369140625
simons,3,period_011,5,6,3,9,amplitude_damping,0.05,0.904541015625
simons,3,period_011,5,6,3,9,amplitude_damping,0.1,0.81787109375
simons,3,period_011,5,6,3,9,thermal_relaxation,0.01,0.994140625
simons,3,period_011,5,6,3,9,thermal_relaxation,0.02,0.989013671875
simons,3,period_011,5,6,3,9,thermal_relaxation,0.033,0.977783203125
simons,3,period_011,5,6,3,9,thermal_relaxation,0.05,0.9658203125
simons,3,period_011,5,6,3,9,thermal_relaxation,0.1,0.92919921875
simons,3,period_100,4,6,2,8,none,0.0,1.0
simons,3,period_100,4,6,2,8,depolarizing,0.001,0.99853515625
simons,3,period_100,4,6,2,8,depolarizing,0.005,0.994873046875
simons,3,period_100,4,6,2,8,depolarizing,0.01,0.990234375
simons,3,period_100,4,6,2,8,depolarizing,0.02,0.98046875
simons,3,period_100,4,6,2,8,depolarizing,0.05,0.94921875
simons,3,period_100,4,6,2,8,depolarizing,0.1,0.904296875
simons,3,period_100,4,6,2,8,amplitude_damping,0.001,0.99951171875
simons,3,period_100,4,6,2,8,amplitude_damping,0.005,0.9990234375
simons,3,period_100,4,6,2,8,amplitude_damping,0.01,0.996826171875
simons,3,period_100,4,6,2,8,amplitude_damping,0.02,0.995849609375
simons,3,period_100,4,6,2,8,amplitude_damping,0.05,0.990966796875
simons,3,period_100,4,6,2,8,amplitude_damping,0.1,0.9794921875
simons,3,period_100,4,6,2,8,thermal_relaxation,0.01,1.0
simons,3,period_100,4,6,2,8,thermal_relaxation,0.02,0.999267578125
simons,3,period_100,4,6,2,8,thermal_relaxation,0.033,0.999755859375
simons,3,period_100,4,6,2,8,thermal_relaxation,0.05,0.998779296875
simons,3,period_100,4,6,2,8,thermal_relaxation,0.1,0.996826171875
deutsch_jozsa,4,constant_0,3,9,0,9,none,0.0,1.0
deutsch_jozsa,4,constant_0,3,9,0,9,depolarizing,0.001,0.99658203125
deutsch_jozsa,4,constant_0,3,9,0,9,depolarizing,0.005,0.978759765625
deutsch_jozsa,4,constant_0,3,9,0,9,depolarizing,0.01,0.9619140625
deutsch_jozsa,4,constant_0,3,9,0,9,depolarizing,0.02,0.926513671875
deutsch_jozsa,4,constant_0,3,9,0,9,depolarizing,0.05,0.823974609375
deutsch_jozsa,4,constant_0,3,9,0,9,depolarizing,0.1,0.671875
deutsch_jozsa,4,constant_0,3,9,0,9,amplitude_damping,0.001,0.999267578125
deutsch_jozsa,4,constant_0,3,9,0,9,amplitude_damping,0.005,0.995361328125
deutsch_jozsa,4,constant_0,3,9,0,9,amplitude_damping,0.01,0.9892578125
deutsch_jozsa,4,constant_0,3,9,0,9,amplitude_damping,0.02,0.979248046875
deutsch_jozsa,4,constant_0,3,9,0,9,amplitude_damping,0.05,0.955078125
deutsch_jozsa,4,constant_0,3,9,0,9,amplitude_damping,0.1,0.918212890625
deutsch_jozsa,4,constant_0,3,9,0,9,thermal_relaxation,0.01,0.999267578125
deutsch_jozsa,4,constant_0,3,9,0,9,thermal_relaxation,0.02,0.998779296875
deutsch_jozsa,4,constant_0,3,9,0,9,thermal_relaxation,0.033,0.99658203125
deutsch_jozsa,4,constant_0,3,9,0,9,thermal_relaxation,0.05,0.993896484375
deutsch_jozsa,4,constant_0,3,9,0,9,thermal_relaxation,0.1,0.986572265625
deutsch_jozsa,4,constant_1,4,10,0,10,none,0.0,1.0
deutsch_jozsa,4,constant_1,4,10,0,10,depolarizing,0.001,0.99658203125
deutsch_jozsa,4,constant_1,4,10,0,10,depolarizing,0.005,0.978759765625
deutsch_jozsa,4,constant_1,4,10,0,10,depolarizing,0.01,0.9619140625
deutsch_jozsa,4,constant_1,4,10,0,10,depolarizing,0.02,0.926513671875
deutsch_jozsa,4,constant_1,4,10,0,10,depolarizing,0.05,0.823974609375
deutsch_jozsa,4,constant_1,4,10,0,10,depolarizing,0.1,0.671875
deutsch_jozsa,4,constant_1,4,10,0,10,amplitude_damping,0.001,0.999267578125
deutsch_jozsa,4,constant_1,4,10,0,10,amplitude_damping,0.005,0.995361328125
deutsch_jozsa,4,constant_1,4,10,0,10,amplitude_damping,0.01,0.9892578125
deutsch_jozsa,4,constant_1,4,10,0,10,amplitude_damping,0.02,0.979248046875
deutsch_jozsa,4,constant_1,4,10,0,10,amplitude_damping,0.05,0.955078125
deutsch_jozsa,4,constant_1,4,10,0,10,amplitude_damping,0.1,0.918212890625
deutsch_jozsa,4,constant_1,4,10,0,10,thermal_relaxation,0.01,0.999267578125
deutsch_jozsa,4,constant_1,4,10,0,10,thermal_relaxation,0.02,0.998779296875
deutsch_jozsa,4,constant_1,4,10,0,10,thermal_relaxation,0.033,0.99658203125
deutsch_jozsa,4,constant_1,4,10,0,10,thermal_relaxation,0.05,0.993896484375
deutsch_jozsa,4,constant_1,4,10,0,10,thermal_relaxation,0.1,0.986572265625
deutsch_jozsa,4,balanced_0,8,12,4,16,none,0.0,1.0
deutsch_jozsa,4,balanced_0,8,12,4,16,depolarizing,0.001,0.998779296875
deutsch_jozsa,4,balanced_0,8,12,4,16,depolarizing,0.005,0.994873046875
deutsch_jozsa,4,balanced_0,8,12,4,16,depolarizing,0.01,0.990234375
deutsch_jozsa,4,balanced_0,8,12,4,16,depolarizing,0.02,0.984130859375
deutsch_jozsa,4,balanced_0,8,12,4,16,depolarizing,0.05,0.968017578125
deutsch_jozsa,4,balanced_0,8,12,4,16,depolarizing,0.1,0.95458984375
deutsch_jozsa,4,balanced_0,8,12,4,16,amplitude_damping,0.001,0.999755859375
deutsch_jozsa,4,balanced_0,8,12,4,16,amplitude_damping,0.005,0.998779296875
deutsch_jozsa,4,balanced_0,8,12,4,16,amplitude_damping,0.01,0.99755859375
deutsch_jozsa,4,balanced_0,8,12,4,16,amplitude_damping,0.02,0.994384765625
deutsch_jozsa,4,balanced_0,8,12,4,16,amplitude_damping,0.05,0.988525390625
deutsch_jozsa,4,balanced_0,8,12,4,16,amplitude_damping,0.1,0.97607421875
deutsch_jozsa,4,balanced_0,8,12,4,16,thermal_relaxation,0.01,0.99951171875
deutsch_jozsa,4,balanced_0,8,12,4,16,thermal_relaxation,0.02,0.9990234375
deutsch_jozsa,4,balanced_0,8,12,4,16,thermal_relaxation,0.033,0.998779296875
deutsch_jozsa,4,balanced_0,8,12,4,16,thermal_relaxation,0.05,0.998291015625
deutsch_jozsa,4,balanced_0,8,12,4,16,thermal_relaxation,0.1,0.99462890625
deutsch_jozsa,4,balanced_1,9,13,4,17,none,0.0,1.0
deutsch_jozsa,4,balanced_1,9,13,4,17,depolarizing,0.001,0.998779296875
deutsch_jozsa,4,balanced_1,9,13,4,17,depolarizing,0.005,0.994873046875
deutsch_jozsa,4,balanced_1,9,13,4,17,depolarizing,0.01,0.990478515625
deutsch_jozsa,4,balanced_1,9,13,4,17,depolarizing,0.02,0.984375
deutsch_jozsa,4,balanced_1,9,13,4,17,depolarizing,0.05,0.968994140625
deutsch_jozsa,4,balanced_1,9,13,4,17,depolarizing,0.1,0.95751953125
deutsch_jozsa,4,balanced_1,9,13,4,17,amplitude_damping,0.001,0.999755859375
deutsch_jozsa,4,balanced_1,9,13,4,17,amplitude_damping,0.005,0.998779296875
deutsch_jozsa,4,balanced_1,9,13,4,17,amplitude_damping,0.01,0.99755859375
deutsch_jozsa,4,balanced_1,9,13,4,17,amplitude_damping,0.02,0.99462890625
deutsch_jozsa,4,balanced_1,9,13,4,17,amplitude_damping,0.05,0.988525390625
deutsch_jozsa,4,balanced_1,9,13,4,17,amplitude_damping,0.1,0.97607421875
deutsch_jozsa,4,balanced_1,9,13,4,17,thermal_relaxation,0.01,0.99951171875
deutsch_jozsa,4,balanced_1,9,13,4,17,thermal_relaxation,0.02,0.9990234375
deutsch_jozsa,4,balanced_1,9,13,4,17,thermal_relaxation,0.033,0.998779296875
deutsch_jozsa,4,balanced_1,9,13,4,17,thermal_relaxation,0.05,0.998291015625
deutsch_jozsa,4,balanced_1,9,13,4,17,thermal_relaxation,0.1,0.99462890625
deutsch_jozsa,4,balanced_2,7,13,4,17,none,0.0,1.0
deutsch_jozsa,4,balanced_2,7,13,4,17,depolarizing,0.001,0.998779296875
deutsch_jozsa,4,balanced_2,7,13,4,17,depolarizing,0.005,0.994873046875
deutsch_jozsa,4,balanced_2,7,13,4,17,depolarizing,0.01,0.990478515625
deutsch_jozsa,4,balanced_2,7,13,4,17,depolarizing,0.02,0.984619140625
deutsch_jozsa,4,balanced_2,7,13,4,17,depolarizing,0.05,0.969970703125
deutsch_jozsa,4,balanced_2,7,13,4,17,depolarizing,0.1,0.96044921875
deutsch_jozsa,4,balanced_2,7,13,4,17,amplitude_damping,0.001,0.999755859375
deutsch_jozsa,4,balanced_2,7,13,4,17,amplitude_damping,0.005,0.99853515625
deutsch_jozsa,4,balanced_2,7,13,4,17,amplitude_damping,0.01,0.99755859375
deutsch_jozsa,4,balanced_2,7,13,4,17,amplitude_damping,0.02,0.994384765625
deutsch_jozsa,4,balanced_2,7,13,4,17,amplitude_damping,0.05,0.988525390625
deutsch_jozsa,4,balanced_2,7,13,4,17,amplitude_damping,0.1,0.976806640625
deutsch_jozsa,4,balanced_2,7,13,4,17,thermal_relaxation,0.01,0.99951171875
deutsch_jozsa,4,balanced_2,7,13,4,17,thermal_relaxation,0.02,0.9990234375
deutsch_jozsa,4,balanced_2,7,13,4,17,thermal_relaxation,0.033,0.998779296875
deutsch_jozsa,4,balanced_2,7,13,4,17,thermal_relaxation,0.05,0.998291015625
deutsch_jozsa,4,balanced_2,7,13,4,17,thermal_relaxation,0.1,0.994384765625
bernstein_vazirani,4,secret_0100,4,9,1,10,none,0.0,1.0
bernstein_vazirani,4,secret_0100,4,9,1,10,depolarizing,0.001,0.99462890625
bernstein_vazirani,4,secret_0100,4,9,1,10,depolarizing,0.005,0.97265625
bernstein_vazirani,4,secret_0100,4,9,1,10,depolarizing,0.01,0.948486328125
bernstein_vazirani,4,secret_0100,4,9,1,10,depolarizing,0.02,0.89697265625
bernstein_vazirani,4,secret_0100,4,9,1,10,depolarizing,0.05,0.769287109375
bernstein_vazirani,4,secret_0100,4,9,1,10,depolarizing,0.1,0.591552734375
bernstein_vazirani,4,secret_0100,4,9,1,10,amplitude_damping,0.001,0.998046875
bernstein_vazirani,4,secret_0100,4,9,1,10,amplitude_damping,0.005,0.989013671875
bernstein_vazirani,4,secret_0100,4,9,1,10,amplitude_damping,0.01,0.97705078125
bernstein_vazirani,4,secret_0100,4,9,1,10,amplitude_damping,0.02,0.9501953125
bernstein_vazirani,4,secret_0100,4,9,1,10,amplitude_damping,0.05,0.881103515625
bernstein_vazirani,4,secret_0100,4,9,1,10,amplitude_damping,0.1,0.78271484375
bernstein_vazirani,4,secret_0100,4,9,1,10,thermal_relaxation,0.01,0.995849609375
bernstein_vazirani,4,secret_0100,4,9,1,10,thermal_relaxation,0.02,0.9921875
bernstein_vazirani,4,secret_0100,4,9,1,10,thermal_relaxation,0.033,0.989501953125
bernstein_vazirani,4,secret_0100,4,9,1,10,thermal_relaxation,0.05,0.982666015625
bernstein_vazirani,4,secret_0100,4,9,1,10,thermal_relaxation,0.1,0.958251953125
bernstein_vazirani,4,secret_1000,4,9,1,10,none,0.0,1.0
bernstein_vazirani,4,secret_1000,4,9,1,10,depolarizing,0.001,0.99462890625
bernstein_vazirani,4,secret_1000,4,9,1,10,depolarizing,0.005,0.97265625
bernstein_vazirani,4,secret_1000,4,9,1,10,depolarizing,0.01,0.94873046875
bernstein_vazirani,4,secret_1000,4,9,1,10,depolarizing,0.02,0.897216796875
bernstein_vazirani,4,secret_1000,4,9,1,10,depolarizing,0.05,0.768798828125
bernstein_vazirani,4,secret_1000,4,9,1,10,depolarizing,0.1,0.5888671875
bernstein_vazirani,4,secret_1000,4,9,1,10,amplitude_damping,0.001,0.998046875
bernstein_vazirani,4,secret_1000,4,9,1,10,amplitude_damping,0.005,0.989013671875
bernstein_vazirani,4,secret_1000,4,9,1,10,amplitude_damping,0.01,0.97705078125
bernstein_vazirani,4,secret_1000,4,9,1,10,amplitude_damping,0.02,0.950439453125
bernstein_vazirani,4,secret_1000,4,9,1,10,amplitude_damping,0.05,0.8798828125
bernstein_vazirani,4,secret_1000,4,9,1,10,amplitude_damping,0.1,0.783203125
bernstein_vazirani,4,secret_1000,4,9,1,10,thermal_relaxation,0.01,0.995849609375
bernstein_vazirani,4,secret_1000,4,9,1,10,thermal_relaxation,0.02,0.9921875
bernstein_vazirani,4,secret_1000,4,9,1,10,thermal_relaxation,0.033,0.989501953125
bernstein_vazirani,4,secret_1000,4,9,1,10,thermal_relaxation,0.05,0.98291015625
bernstein_vazirani,4,secret_1000,4,9,1,10,thermal_relaxation,0.1,0.95849609375
bernstein_vazirani,4,secret_1101,6,9,3,12,none,0.0,1.0
bernstein_vazirani,4,secret_1101,6,9,3,12,depolarizing,0.001,0.99072265625
bernstein_vazirani,4,secret_1101,6,9,3,12,depolarizing,0.005,0.96044921875
bernstein_vazirani,4,secret_1101,6,9,3,12,depolarizing,0.01,0.920166015625
bernstein_vazirani,4,secret_1101,6,9,3,12,depolarizing,0.02,0.844970703125
bernstein_vazirani,4,secret_1101,6,9,3,12,depolarizing,0.05,0.65283203125
bernstein_vazirani,4,secret_1101,6,9,3,12,depolarizing,0.1,0.432861328125
bernstein_vazirani,4,secret_1101,6,9,3,12,amplitude_damping,0.001,0.993896484375
bernstein_vazirani,4,secret_1101,6,9,3,12,amplitude_damping,0.005,0.9736328125
bernstein_vazirani,4,secret_1101,6,9,3,12,amplitude_damping,0.01,0.946533203125
bernstein_vazirani,4,secret_1101,6,9,3,12,amplitude_damping,0.02,0.89990234375
bernstein_vazirani,4,secret_1101,6,9,3,12,amplitude_damping,0.05,0.757080078125
bernstein_vazirani,4,secret_1101,6,9,3,12,amplitude_damping,0.1,0.566650390625
bernstein_vazirani,4,secret_1101,6,9,3,12,thermal_relaxation,0.01,0.989013671875
bernstein_vazirani,4,secret_1101,6,9,3,12,thermal_relaxation,0.02,0.977783203125
bernstein_vazirani,4,secret_1101,6,9,3,12,thermal_relaxation,0.033,0.959716796875
bernstein_vazirani,4,secret_1101,6,9,3,12,thermal_relaxation,0.05,0.94091796875
bernstein_vazirani,4,secret_1101,6,9,3,12,thermal_relaxation,0.1,0.88623046875
simons,4,period_0101,5,8,4,12,none,0.0,1.0
simons,4,period_0101,5,8,4,12,depolarizing,0.001,0.997314453125
simons,4,period_0101,5,8,4,12,depolarizing,0.005,0.98046875
simons,4,period_0101,5,8,4,12,depolarizing,0.01,0.962646484375
simons,4,period_0101,5,8,4,12,depolarizing,0.02,0.92529296875
simons,4,period_0101,5,8,4,12,depolarizing,0.05,0.840576171875
simons,4,period_0101,5,8,4,12,depolarizing,0.1,0.71435546875
simons,4,period_0101,5,8,4,12,amplitude_damping,0.001,0.99755859375
simons,4,period_0101,5,8,4,12,amplitude_damping,0.005,0.98828125
simons,4,period_0101,5,8,4,12,amplitude_damping,0.01,0.981201171875
simons,4,period_0101,5,8,4,12,amplitude_damping,0.02,0.960205078125
simons,4,period_0101,5,8,4,12,amplitude_damping,0.05,0.894775390625
simons,4,period_0101,5,8,4,12,amplitude_damping,0.1,0.80810546875
simons,4,period_0101,5,8,4,12,thermal_relaxation,0.01,0.994140625
simons,4,period_0101,5,8,4,12,thermal_relaxation,0.02,0.987060546875
simons,4,period_0101,5,8,4,12,thermal_relaxation,0.033,0.9765625
simons,4,period_0101,5,8,4,12,thermal_relaxation,0.05,0.96630859375
simons,4,period_0101,5,8,4,12,thermal_relaxation,0.1,0.941650390625
simons,4,period_1000,4,8,3,11,none,0.0,1.0
simons,4,period_1000,4,8,3,11,depolarizing,0.001,0.999267578125
simons,4,period_1000,4,8,3,11,depolarizing,0.005,0.99365234375
simons,4,period_1000,4,8,3,11,depolarizing,0.01,0.98974609375
simons,4,period_1000,4,8,3,11,depolarizing,0.02,0.979736328125
simons,4,period_1000,4,8,3,11,depolarizing,0.05,0.95166015625
simons,4,period_1000,4,8,3,11,depolarizing,0.1,0.901123046875
simons,4,period_1000,4,8,3,11,amplitude_damping,0.001,0.999267578125
simons,4,period_1000,4,8,3,11,amplitude_damping,0.005,0.998779296875
simons,4,period_1000,4,8,3,11,amplitude_damping,0.01,0.99755859375
simons,4,period_1000,4,8,3,11,amplitude_damping,0.02,0.99560546875
simons,4,period_1000,4,8,3,11,amplitude_damping,0.05,0.988525390625
simons,4,period_1000,4,8,3,11,amplitude_damping,0.1,0.975830078125
simons,4,period_1000,4,8,3,11,thermal_relaxation,0.01,0.999755859375
simons,4,period_1000,4,8,3,11,thermal_relaxation,0.02,0.9990234375
simons,4,period_1000,4,8,3,11,thermal_relaxation,0.033,0.9990234375
simons,4,period_1000,4,8,3,11,thermal_relaxation,0.05,0.99853515625
simons,4,period_1000,4,8,3,11,thermal_relaxation,0.1,0.99755859375
simons,4,period_1110,6,8,5,13,none,0.0,1.0
simons,4,period_1110,6,8,5,13,depolarizing,0.001,0.994140625
simons,4,period_1110,6,8,5,13,depolarizing,0.005,0.965576171875
simons,4,period_1110,6,8,5,13,depolarizing,0.01,0.93603515625
simons,4,period_1110,6,8,5,13,depolarizing,0.02,0.878662109375
simons,4,period_1110,6,8,5,13,depolarizing,0.05,0.736572265625
simons,4,period_1110,6,8,5,13,depolarizing,0.1,0.602783203125
simons,4,period_1110,6,8,5,13,amplitude_damping,0.001,0.997314453125
simons,4,period_1110,6,8,5,13,amplitude_damping,0.005,0.981201171875
simons,4,period_1110,6,8,5,13,amplitude_damping,0.01,0.961181640625
simons,4,period_1110,6,8,5,13,amplitude_damping,0.02,0.93310546875
simons,4,period_1110,6,8,5,13,amplitude_damping,0.05,0.84375
simons,4,period_1110,6,8,5,13,amplitude_damping,0.1,0.731201171875
simons,4,period_1110,6,8,5,13,thermal_relaxation,0.01,0.987548828125
simons,4,period_1110,6,8,5,13,thermal_relaxation,0.02,0.97509765625
simons,4,period_1110,6,8,5,13,thermal_relaxation,0.033,0.958740234375
simons,4,period_1110,6,8,5,13,thermal_relaxation,0.05,0.93896484375
simons,4,period_1110,6,8,5,13,thermal_relaxation,0.1,0.88916015625
deutsch_jozsa,5,constant_0,3,11,0,11,none,0.0,1.0
deutsch_jozsa,5,constant_0,3,11,0,11,depolarizing,0.001,0.995361328125
deutsch_jozsa,5,constant_0,3,11,0,11,depolarizing,0.005,0.97509765625
deutsch_jozsa,5,constant_0,3,11,0,11,depolarizing,0.01,0.953369140625
deutsch_jozsa,5,constant_0,3,11,0,11,depolarizing,0.02,0.911376953125
deutsch_jozsa,5,constant_0,3,11,0,11,depolarizing,0.05,0.78271484375
deutsch_jozsa,5,constant_0,3,11,0,11,depolarizing,0.1,0.6044921875
deutsch_jozsa,5,constant_0,3,11,0,11,amplitude_damping,0.001,0.999267578125
deutsch_jozsa,5,constant_0,3,11,0,11,amplitude_damping,0.005,0.993896484375
deutsch_jozsa,5,constant_0,3,11,0,11,amplitude_damping,0.01,0.986572265625
deutsch_jozsa,5,constant_0,3,11,0,11,amplitude_damping,0.02,0.97509765625
deutsch_jozsa,5,constant_0,3,11,0,11,amplitude_damping,0.05,0.94482421875
deutsch_jozsa,5,constant_0,3,11,0,11,amplitude_damping,0.1,0.896484375
deutsch_jozsa,5,constant_0,3,11,0,11,thermal_relaxation,0.01,0.9990234375
deutsch_jozsa,5,constant_0,3,11,0,11,thermal_relaxation,0.02,0.998046875
deutsch_jozsa,5,constant_0,3,11,0,11,thermal_relaxation,0.033,0.9951171875
deutsch_jozsa,5,constant_0,3,11,0,11,thermal_relaxation,0.05,0.992431640625
deutsch_jozsa,5,constant_0,3,11,0,11,thermal_relaxation,0.1,0.982666015625
deutsch_jozsa,5,constant_1,4,12,0,12,none,0.0,1.0
deutsch_jozsa,5,constant_1,4,12,0,12,depolarizing,0.001,0.995361328125
deutsch_jozsa,5,constant_1,4,12,0,12,depolarizing,0.005,0.97509765625
deutsch_jozsa,5,constant_1,4,12,0,12,depolarizing,0.01,0.953369140625
deutsch_jozsa,5,constant_1,4,12,0,12,depolarizing,0.02,0.911376953125
deutsch_jozsa,5,constant_1,4,12,0,12,depolarizing,0.05,0.78271484375
deutsch_jozsa,5,constant_1,4,12,0,12,depolarizing,0.1,0.6044921875
deutsch_jozsa,5,constant_1,4,12,0,12,amplitude_damping,0.001,0.999267578125
deutsch_jozsa,5,constant_1,4,12,0,12,amplitude_damping,0.005,0.993896484375
deutsch_jozsa,5,constant_1,4,12,0,12,amplitude_damping,0.01,0.986572265625
deutsch_jozsa,5,constant_1,4,12,0,12,amplitude_damping,0.02,0.97509765625
deutsch_jozsa,5,constant_1,4,12,0,12,amplitude_damping,0.05,0.94482421875
deutsch_jozsa,5,constant_1,4,12,0,12,amplitude_damping,0.1,0.896484375
deutsch_jozsa,5,constant_1,4,12,0,12,thermal_relaxation,0.01,0.9990234375
deutsch_jozsa,5,constant_1,4,12,0,12,thermal_relaxation,0.02,0.998046875
deutsch_jozsa,5,constant_1,4,12,0,12,thermal_relaxation,0.033,0.9951171875
deutsch_jozsa,5,constant_1,4,12,0,12,thermal_relaxation,0.05,0.992431640625
deutsch_jozsa,5,constant_1,4,12,0,12,thermal_relaxation,0.1,0.982666015625
deutsch_jozsa,5,balanced_0,8,14,5,19,none,0.0,1.0
deutsch_jozsa,5,balanced_0,8,14,5,19,depolarizing,0.001,0.998779296875
deutsch_jozsa,5,balanced_0,8,14,5,19,depolarizing,0.005,0.994873046875
deutsch_jozsa,5,balanced_0,8,14,5,19,depolarizing,0.01,0.990966796875
deutsch_jozsa,5,balanced_0,8,14,5,19,depolarizing,0.02,0.9853515625
deutsch_jozsa,5,balanced_0,8,14,5,19,depolarizing,0.05,0.973876953125
deutsch_jozsa,5,balanced_0,8,14,5,19,depolarizing,0.1,0.96728515625
deutsch_jozsa,5,balanced_0,8,14,5,19,amplitude_damping,0.001,0.999755859375
deutsch_jozsa,5,balanced_0,8,14,5,19,amplitude_damping,0.005,0.998779296875
deutsch_jozsa,5,balanced_0,8,14,5,19,amplitude_damping,0.01,0.99755859375
deutsch_jozsa,5,balanced_0,8,14,5,19,amplitude_damping,0.02,0.99462890625
deutsch_jozsa,5,balanced_0,8,14,5,19,amplitude_damping,0.05,0.989013671875
deutsch_jozsa,5,balanced_0,8,14,5,19,amplitude_damping,0.1,0.97802734375
deutsch_jozsa,5,balanced_0,8,14,5,19,thermal_relaxation,0.01,0.99951171875
deutsch_jozsa,5,balanced_0,8,14,5,19,thermal_relaxation,0.02,0.9990234375
deutsch_jozsa,5,balanced_0,8,14,5,19,thermal_relaxation,0.033,0.998779296875
deutsch_jozsa,5,balanced_0,8,14,5,19,thermal_relaxation,0.05,0.998291015625
deutsch_jozsa,5,balanced_0,8,14,5,19,thermal_relaxation,0.1,0.99462890625
deutsch_jozsa,5,balanced_1,9,16,5,21,none,0.0,1.0
deutsch_jozsa,5,balanced_1,9,16,5,21,depolarizing,0.001,0.998779296875
deutsch_jozsa,5,balanced_1,9,16,5,21,depolarizing,0.005,0.9951171875
deutsch_jozsa,5,balanced_1,9,16,5,21,depolarizing,0.01,0.990966796875
deutsch_jozsa,5,balanced_1,9,16,5,21,depolarizing,0.02,0.9853515625
deutsch_jozsa,5,balanced_1,9,16,5,21,depolarizing,0.05,0.97509765625
deutsch_jozsa,5,balanced_1,9,16,5,21,depolarizing,0.1,0.96826171875
deutsch_jozsa,5,balanced_1,9,16,5,21,amplitude_damping,0.001,0.999755859375
deutsch_jozsa,5,balanced_1,9,16,5,21,amplitude_damping,0.005,0.99853515625
deutsch_jozsa,5,balanced_1,9,16,5,21,amplitude_damping,0.01,0.997802734375
deutsch_jozsa,5,balanced_1,9,16,5,21,amplitude_damping,0.02,0.994384765625
deutsch_jozsa,5,balanced_1,9,16,5,21,amplitude_damping,0.05,0.989013671875
deutsch_jozsa,5,balanced_1,9,16,5,21,amplitude_damping,0.1,0.979736328125
deutsch_jozsa,5,balanced_1,9,16,5,21,thermal_relaxation,0.01,0.99951171875
deutsch_jozsa,5,balanced_1,9,16,5,21,thermal_relaxation,0.02,0.9990234375
deutsch_jozsa,5,balanced_1,9,16,5,21,thermal_relaxation,0.033,0.998779296875
deutsch_jozsa,5,balanced_1,9,16,5,21,thermal_relaxation,0.05,0.998291015625
deutsch_jozsa,5,balanced_1,9,16,5,21,thermal_relaxation,0.1,0.99462890625
deutsch_jozsa,5,balanced_2,8,15,5,20,none,0.0,1.0
deutsch_jozsa,5,balanced_2,8,15,5,20,depolarizing,0.001,0.998779296875
deutsch_jozsa,5,balanced_2,8,15,5,20,depolarizing,0.005,0.994873046875
deutsch_jozsa,5,balanced_2,8,15,5,20,depolarizing,0.01,0.990966796875
deutsch_jozsa,5,balanced_2,8,15,5,20,depolarizing,0.02,0.9853515625
deutsch_jozsa,5,balanced_2,8,15,5,20,depolarizing,0.05,0.974609375
deutsch_jozsa,5,balanced_2,8,15,5,20,depolarizing,0.1,0.9677734375
deutsch_jozsa,5,balanced_2,8,15,5,20,amplitude_damping,0.001,0.999755859375
deutsch_jozsa,5,balanced_2,8,15,5,20,amplitude_damping,0.005,0.998779296875
deutsch_jozsa,5,balanced_2,8,15,5,20,amplitude_damping,0.01,0.99755859375
deutsch_jozsa,5,balanced_2,8,15,5,20,amplitude_damping,0.02,0.99462890625
deutsch_jozsa,5,balanced_2,8,15,5,20,amplitude_damping,0.05,0.989013671875
deutsch_jozsa,5,balanced_2,8,15,5,20,amplitude_damping,0.1,0.978271484375
deutsch_jozsa,5,balanced_2,8,15,5,20,thermal_relaxation,0.01,0.99951171875
deutsch_jozsa,5,balanced_2,8,15,5,20,thermal_relaxation,0.02,0.9990234375
deutsch_jozsa,5,balanced_2,8,15,5,20,thermal_relaxation,0.033,0.998779296875
deutsch_jozsa,5,balanced_2,8,15,5,20,thermal_relaxation,0.05,0.998291015625
deutsch_jozsa,5,balanced_2,8,15,5,20,thermal_relaxation,0.1,0.99462890625
bernstein_vazirani,5,secret_00011,5,11,2,13,none,0.0,1.0
bernstein_vazirani,5,secret_00011,5,11,2,13,depolarizing,0.001,0.991455078125
bernstein_vazirani,5,secret_00011,5,11,2,13,depolarizing,0.005,0.960693359375
bernstein_vazirani,5,secret_00011,5,11,2,13,depolarizing,0.01,0.92431640625
bernstein_vazirani,5,secret_00011,5,11,2,13,depolarizing,0.02,0.853515625
bernstein_vazirani,5,secret_00011,5,11,2,13,depolarizing,0.05,0.67724609375
bernstein_vazirani,5,secret_00011,5,11,2,13,depolarizing,0.1,0.458740234375
bernstein_vazirani,5,secret_00011,5,11,2,13,amplitude_damping,0.001,0.99609375
bernstein_vazirani,5,secret_00011,5,11,2,13,amplitude_damping,0.005,0.98095703125
bernstein_vazirani,5,secret_00011,5,11,2,13,amplitude_damping,0.01,0.959716796875
bernstein_vazirani,5,secret_00011,5,11,2,13,amplitude_damping,0.02,0.919189453125
bernstein_vazirani,5,secret_00011,5,11,2,13,amplitude_damping,0.05,0.806884765625
bernstein_vazirani,5,secret_00011,5,11,2,13,amplitude_damping,0.1,0.64599609375
bernstein_vazirani,5,secret_00011,5,11,2,13,thermal_relaxation,0.01,0.991455078125
bernstein_vazirani,5,secret_00011,5,11,2,13,thermal_relaxation,0.02,0.984619140625
bernstein_vazirani,5,secret_00011,5,11,2,13,thermal_relaxation,0.033,0.97265625
bernstein_vazirani,5,secret_00011,5,11,2,13,thermal_relaxation,0.05,0.957275390625
bernstein_vazirani,5,secret_00011,5,11,2,13,thermal_relaxation,0.1,0.9228515625
bernstein_vazirani,5,secret_10111,7,11,4,15,none,0.0,1.0
bernstein_vazirani,5,secret_10111,7,11,4,15,depolarizing,0.001,0.9892578125
bernstein_vazirani,5,secret_10111,7,11,4,15,depolarizing,0.005,0.947509765625
bernstein_vazirani,5,secret_10111,7,11,4,15,depolarizing,0.01,0.897216796875
bernstein_vazirani,5,secret_10111,7,11,4,15,depolarizing,0.02,0.802734375
bernstein_vazirani,5,secret_10111,7,11,4,15,depolarizing,0.05,0.578857421875
bernstein_vazirani,5,secret_10111,7,11,4,15,depolarizing,0.1,0.33203125
bernstein_vazirani,5,secret_10111,7,11,4,15,amplitude_damping,0.001,0.992431640625
bernstein_vazirani,5,secret_10111,7,11,4,15,amplitude_damping,0.005,0.965576171875
bernstein_vazirani,5,secret_10111,7,11,4,15,amplitude_damping,0.01,0.931396484375
bernstein_vazirani,5,secret_10111,7,11,4,15,amplitude_damping,0.02,0.868408203125
bernstein_vazirani,5,secret_10111,7,11,4,15,amplitude_damping,0.05,0.68798828125
bernstein_vazirani,5,secret_10111,7,11,4,15,amplitude_damping,0.1,0.47314453125
bernstein_vazirani,5,secret_10111,7,11,4,15,thermal_relaxation,0.01,0.984375
bernstein_vazirani,5,secret_10111,7,11,4,15,thermal_relaxation,0.02,0.968505859375
bernstein_vazirani,5,secret_10111,7,11,4,15,thermal_relaxation,0.033,0.9453125
bernstein_vazirani,5,secret_10111,7,11,4,15,thermal_relaxation,0.05,0.921875
bernstein_vazirani,5,secret_10111,7,11,4,15,thermal_relaxation,0.1,0.8447265625
bernstein_vazirani,5,secret_11101,7,11,4,15,none,0.0,1.0
bernstein_vazirani,5,secret_11101,7,11,4,15,depolarizing,0.001,0.9892578125
bernstein_vazirani,5,secret_11101,7,11,4,15,depolarizing,0.005,0.947509765625
bernstein_vazirani,5,secret_11101,7,11,4,15,depolarizing,0.01,0.89794921875
bernstein_vazirani,5,secret_11101,7,11,4,15,depolarizing,0.02,0.802978515625
bernstein_vazirani,5,secret_11101,7,11,4,15,depolarizing,0.05,0.580810546875
bernstein_vazirani,5,secret_11101,7,11,4,15,depolarizing,0.1,0.33349609375
bernstein_vazirani,5,secret_11101,7,11,4,15,amplitude_damping,0.001,0.992431640625
bernstein_vazirani,5,secret_11101,7,11,4,15,amplitude_damping,0.005,0.965576171875
bernstein_vazirani,5,secret_11101,7,11,4,15,amplitude_damping,0.01,0.931396484375
bernstein_vazirani,5,secret_11101,7,11,4,15,amplitude_damping,0.02,0.8681640625
bernstein_vazirani,5,secret_11101,7,11,4,15,amplitude_damping,0.05,0.689453125
bernstein_vazirani,5,secret_11101,7,11,4,15,amplitude_damping,0.1,0.471435546875
bernstein_vazirani,5,secret_11101,7,11,4,15,thermal_relaxation,0.01,0.984375
bernstein_vazirani,5,secret_11101,7,11,4,15,thermal_relaxation,0.02,0.968505859375
bernstein_vazirani,5,secret_11101,7,11,4,15,thermal_relaxation,0.033,0.9453125
bernstein_vazirani,5,secret_11101,7,11,4,15,thermal_relaxation,0.05,0.921875
bernstein_vazirani,5,secret_11101,7,11,4,15,thermal_relaxation,0.1,0.844970703125
simons,5,period_00011,5,10,5,15,none,0.0,1.0
simons,5,period_00011,5,10,5,15,depolarizing,0.001,0.996337890625
simons,5,period_00011,5,10,5,15,depolarizing,0.005,0.982177734375
simons,5,period_00011,5,10,5,15,depolarizing,0.01,0.959716796875
simons,5,period_00011,5,10,5,15,depolarizing,0.02,0.92041015625
simons,5,period_00011,5,10,5,15,depolarizing,0.05,0.82568359375
simons,5,period_00011,5,10,5,15,depolarizing,0.1,0.7080078125
simons,5,period_00011,5,10,5,15,amplitude_damping,0.001,0.998046875
simons,5,period_00011,5,10,5,15,amplitude_damping,0.005,0.989013671875
simons,5,period_00011,5,10,5,15,amplitude_damping,0.01,0.9755859375
simons,5,period_00011,5,10,5,15,amplitude_damping,0.02,0.959716796875
simons,5,period_00011,5,10,5,15,amplitude_damping,0.05,0.903564453125
simons,5,period_00011,5,10,5,15,amplitude_damping,0.1,0.8095703125
simons,5,period_00011,5,10,5,15,thermal_relaxation,0.01,0.995849609375
simons,5,period_00011,5,10,5,15,thermal_relaxation,0.02,0.985595703125
simons,5,period_00011,5,10,5,15,thermal_relaxation,0.033,0.97900390625
simons,5,period_00011,5,10,5,15,thermal_relaxation,0.05,0.9716796875
simons,5,period_00011,5,10,5,15,thermal_relaxation,0.1,0.93115234375
simons,5,period_00111,6,10,6,16,none,0.0,1.0
simons,5,period_00111,6,10,6,16,depolarizing,0.001,0.994873046875
simons,5,period_00111,6,10,6,16,depolarizing,0.005,0.96728515625
simons,5,period_00111,6,10,6,16,depolarizing,0.01,0.9306640625
simons,5,period_00111,6,10,6,16,depolarizing,0.02,0.874755859375
simons,5,period_00111,6,10,6,16,depolarizing,0.05,0.732177734375
simons,5,period_00111,6,10,6,16,depolarizing,0.1,0.6083984375
simons,5,period_00111,6,10,6,16,amplitude_damping,0.001,0.99755859375
simons,5,period_00111,6,10,6,16,amplitude_damping,0.005,0.982177734375
simons,5,period_00111,6,10,6,16,amplitude_damping,0.01,0.964599609375
simons,5,period_00111,6,10,6,16,amplitude_damping,0.02,0.92578125
simons,5,period_00111,6,10,6,16,amplitude_damping,0.05,0.84619140625
simons,5,period_00111,6,10,6,16,amplitude_damping,0.1,0.719970703125
simons,5,period_00111,6,10,6,16,thermal_relaxation,0.01,0.989990234375
simons,5,period_00111,6,10,6,16,thermal_relaxation,0.02,0.974853515625
simons,5,period_00111,6,10,6,16,thermal_relaxation,0.033,0.961669921875
simons,5,period_00111,6,10,6,16,thermal_relaxation,0.05,0.943359375
simons,5,period_00111,6,10,6,16,thermal_relaxation,0.1,0.885009765625
simons,5,period_01101,6,10,6,16,none,0.0,1.0
simons,5,period_01101,6,10,6,16,depolarizing,0.001,0.9931640625
simons,5,period_01101,6,10,6,16,depolarizing,0.005,0.965576171875
simons,5,period_01101,6,10,6,16,depolarizing,0.01,0.93115234375
simons,5,period_01101,6,10,6,16,depolarizing,0.02,0.866943359375
simons,5,period_01101,6,10,6,16,depolarizing,0.05,0.736083984375
simons,5,period_01101,6,10,6,16,depolarizing,0.1,0.6123046875
simons,5,period_01101,6,10,6,16,amplitude_damping,0.001,0.99658203125
simons,5,period_01101,6,10,6,16,amplitude_damping,0.005,0.984375
simons,5,period_01101,6,10,6,16,amplitude_damping,0.01,0.96240234375
simons,5,period_01101,6,10,6,16,amplitude_damping,0.02,0.930908203125
simons,5,period_01101,6,10,6,16,amplitude_damping,0.05,0.8349609375
simons,5,period_01101,6,10,6,16,amplitude_damping,0.1,0.7177734375
simons,5,period_01101,6,10,6,16,thermal_relaxation,0.01,0.989501953125
simons,5,period_01101,6,10,6,16,thermal_relaxation,0.02,0.975341796875
simons,5,period_01101,6,10,6,16,thermal_relaxation,0.033,0.960205078125
simons,5,period_01101,6,10,6,16,thermal_relaxation,0.05,0.93896484375
simons,5,period_01101,6,10,6,16,thermal_relaxation,0.1,0.890380859375
deutsch_jozsa,6,constant_0,3,13,0,13,none,0.0,1.0
deutsch_jozsa,6,constant_0,3,13,0,13,depolarizing,0.001,0.993896484375
deutsch_jozsa,6,constant_0,3,13,0,13,depolarizing,0.005,0.971923828125
deutsch_jozsa,6,constant_0,3,13,0,13,depolarizing,0.01,0.94580078125
deutsch_jozsa,6,constant_0,3,13,0,13,depolarizing,0.02,0.89404296875
deutsch_jozsa,6,constant_0,3,13,0,13,depolarizing,0.05,0.741943359375
deutsch_jozsa,6,constant_0,3,13,0,13,depolarizing,0.1,0.543701171875
deutsch_jozsa,6,constant_0,3,13,0,13,amplitude_damping,0.001,0.9990234375
deutsch_jozsa,6,constant_0,3,13,0,13,amplitude_damping,0.005,0.992431640625
deutsch_jozsa,6,constant_0,3,13,0,13,amplitude_damping,0.01,0.98388671875
deutsch_jozsa,6,constant_0,3,13,0,13,amplitude_damping,0.02,0.97216796875
deutsch_jozsa,6,constant_0,3,13,0,13,amplitude_damping,0.05,0.93505859375
deutsch_jozsa,6,constant_0,3,13,0,13,amplitude_damping,0.1,0.875
deutsch_jozsa,6,constant_0,3,13,0,13,thermal_relaxation,0.01,0.9990234375
deutsch_jozsa,6,constant_0,3,13,0,13,thermal_relaxation,0.02,0.9970703125
deutsch_jozsa,6,constant_0,3,13,0,13,thermal_relaxation,0.033,0.993896484375
deutsch_jozsa,6,constant_0,3,13,0,13,thermal_relaxation,0.05,0.990234375
deutsch_jozsa,6,constant_0,3,13,0,13,thermal_relaxation,0.1,0.98095703125
deutsch_jozsa,6,constant_1,4,14,0,14,none,0.0,1.0
deutsch_jozsa,6,constant_1,4,14,0,14,depolarizing,0.001,0.993896484375
deutsch_jozsa,6,constant_1,4,14,0,14,depolarizing,0.005,0.971923828125
deutsch_jozsa,6,constant_1,4,14,0,14,depolarizing,0.01,0.94580078125
deutsch_jozsa,6,constant_1,4,14,0,14,depolarizing,0.02,0.89404296875
deutsch_jozsa,6,constant_1,4,14,0,14,depolarizing,0.05,0.741943359375
deutsch_jozsa,6,constant_1,4,14,0,14,depolarizing,0.1,0.543701171875
deutsch_jozsa,6,constant_1,4,14,0,14,amplitude_damping,0.001,0.9990234375
deutsch_jozsa,6,constant_1,4,14,0,14,amplitude_damping,0.005,0.992431640625
deutsch_jozsa,6,constant_1,4,14,0,14,amplitude_damping,0.01,0.98388671875
deutsch_jozsa,6,constant_1,4,14,0,14,amplitude_damping,0.02,0.97216796875
deutsch_jozsa,6,constant_1,4,14,0,14,amplitude_damping,0.05,0.93505859375
deutsch_jozsa,6,constant_1,4,14,0,14,amplitude_damping,0.1,0.875
deutsch_jozsa,6,constant_1,4,14,0,14,thermal_relaxation,0.01,0.9990234375
deutsch_jozsa,6,constant_1,4,14,0,14,thermal_relaxation,0.02,0.9970703125
deutsch_jozsa,6,constant_1,4,14,0,14,thermal_relaxation,0.033,0.993896484375
deutsch_jozsa,6,constant_1,4,14,0,14,thermal_relaxation,0.05,0.990234375
deutsch_jozsa,6,constant_1,4,14,0,14,thermal_relaxation,0.1,0.98095703125
deutsch_jozsa,6,balanced_0,9,18,6,24,none,0.0,1.0
deutsch_jozsa,6,balanced_0,9,18,6,24,depolarizing,0.001,0.998779296875
deutsch_jozsa,6,balanced_0,9,18,6,24,depolarizing,0.005,0.995361328125
deutsch_jozsa,6,balanced_0,9,18,6,24,depolarizing,0.01,0.990966796875
deutsch_jozsa,6,balanced_0,9,18,6,24,depolarizing,0.02,0.98583984375
deutsch_jozsa,6,balanced_0,9,18,6,24,depolarizing,0.05,0.977294921875
deutsch_jozsa,6,balanced_0,9,18,6,24,depolarizing,0.1,0.9765625
deutsch_jozsa,6,balanced_0,9,18,6,24,amplitude_damping,0.001,0.999755859375
deutsch_jozsa,6,balanced_0,9,18,6,24,amplitude_damping,0.005,0.99853515625
deutsch_jozsa,6,balanced_0,9,18,6,24,amplitude_damping,0.01,0.997802734375
deutsch_jozsa,6,balanced_0,9,18,6,24,amplitude_damping,0.02,0.99462890625
deutsch_jozsa,6,balanced_0,9,18,6,24,amplitude_damping,0.05,0.989501953125
deutsch_jozsa,6,balanced_0,9,18,6,24,amplitude_damping,0.1,0.9814453125
deutsch_jozsa,6,balanced_0,9,18,6,24,thermal_relaxation,0.01,0.99951171875
deutsch_jozsa,6,balanced_0,9,18,6,24,thermal_relaxation,0.02,0.9990234375
deutsch_jozsa,6,balanced_0,9,18,6,24,thermal_relaxation,0.033,0.998779296875
deutsch_jozsa,6,balanced_0,9,18,6,24,thermal_relaxation,0.05,0.998291015625
deutsch_jozsa,6,balanced_0,9,18,6,24,thermal_relaxation,0.1,0.994873046875
deutsch_jozsa,6,balanced_1,10,17,6,23,none,0.0,1.0
deutsch_jozsa,6,balanced_1,10,17,6,23,depolarizing,0.001,0.998779296875
deutsch_jozsa,6,balanced_1,10,17,6,23,depolarizing,0.005,0.995361328125
deutsch_jozsa,6,balanced_1,10,17,6,23,depolarizing,0.01,0.990966796875
deutsch_jozsa,6,balanced_1,10,17,6,23,depolarizing,0.02,0.985595703125
deutsch_jozsa,6,balanced_1,10,17,6,23,depolarizing,0.05,0.976806640625
deutsch_jozsa,6,balanced_1,10,17,6,23,depolarizing,0.1,0.976318359375
deutsch_jozsa,6,balanced_1,10,17,6,23,amplitude_damping,0.001,0.999755859375
deutsch_jozsa,6,balanced_1,10,17,6,23,amplitude_damping,0.005,0.99853515625
deutsch_jozsa,6,balanced_1,10,17,6,23,amplitude_damping,0.01,0.997802734375
deutsch_jozsa,6,balanced_1,10,17,6,23,amplitude_damping,0.02,0.99462890625
deutsch_jozsa,6,balanced_1,10,17,6,23,amplitude_damping,0.05,0.989013671875
deutsch_jozsa,6,balanced_1,10,17,6,23,amplitude_damping,0.1,0.981201171875
deutsch_jozsa,6,balanced_1,10,17,6,23,thermal_relaxation,0.01,0.99951171875
deutsch_jozsa,6,balanced_1,10,17,6,23,thermal_relaxation,0.02,0.9990234375
deutsch_jozsa,6,balanced_1,10,17,6,23,thermal_relaxation,0.033,0.998779296875
deutsch_jozsa,6,balanced_1,10,17,6,23,thermal_relaxation,0.05,0.998291015625
deutsch_jozsa,6,balanced_1,10,17,6,23,thermal_relaxation,0.1,0.994873046875
deutsch_jozsa,6,balanced_2,11,20,6,26,none,0.0,1.0
deutsch_jozsa,6,balanced_2,11,20,6,26,depolarizing,0.001,0.998779296875
deutsch_jozsa,6,balanced_2,11,20,6,26,depolarizing,0.005,0.99560546875
deutsch_jozsa,6,balanced_2,11,20,6,26,depolarizing,0.01,0.9912109375
deutsch_jozsa,6,balanced_2,11,20,6,26,depolarizing,0.02,0.98583984375
deutsch_jozsa,6,balanced_2,11,20,6,26,depolarizing,0.05,0.977783203125
deutsch_jozsa,6,balanced_2,11,20,6,26,depolarizing,0.1,0.977783203125
deutsch_jozsa,6,balanced_2,11,20,6,26,amplitude_damping,0.001,0.999755859375
deutsch_jozsa,6,balanced_2,11,20,6,26,amplitude_damping,0.005,0.99853515625
deutsch_jozsa,6,balanced_2,11,20,6,26,amplitude_damping,0.01,0.997802734375
deutsch_jozsa,6,balanced_2,11,20,6,26,amplitude_damping,0.02,0.99462890625
deutsch_jozsa,6,balanced_2,11,20,6,26,amplitude_damping,0.05,0.990478515625
deutsch_jozsa,6,balanced_2,11,20,6,26,amplitude_damping,0.1,0.98193359375
deutsch_jozsa,6,balanced_2,11,20,6,26,thermal_relaxation,0.01,0.99951171875
deutsch_jozsa,6,balanced_2,11,20,6,26,thermal_relaxation,0.02,0.9990234375
deutsch_jozsa,6,balanced_2,11,20,6,26,thermal_relaxation,0.033,0.998779296875
deutsch_jozsa,6,balanced_2,11,20,6,26,thermal_relaxation,0.05,0.998291015625
deutsch_jozsa,6,balanced_2,11,20,6,26,thermal_relaxation,0.1,0.994873046875
bernstein_vazirani,6,secret_001000,4,13,1,14,none,0.0,1.0
bernstein_vazirani,6,secret_001000,4,13,1,14,depolarizing,0.001,0.992919921875
bernstein_vazirani,6,secret_001000,4,13,1,14,depolarizing,0.005,0.962890625
bernstein_vazirani,6,secret_001000,4,13,1,14,depolarizing,0.01,0.928955078125
bernstein_vazirani,6,secret_001000,4,13,1,14,depolarizing,0.02,0.861572265625
bernstein_vazirani,6,secret_001000,4,13,1,14,depolarizing,0.05,0.69482421875
bernstein_vazirani,6,secret_001000,4,13,1,14,depolarizing,0.1,0.488525390625
bernstein_vazirani,6,secret_001000,4,13,1,14,amplitude_damping,0.001,0.9970703125
bernstein_vazirani,6,secret_001000,4,13,1,14,amplitude_damping,0.005,0.98681640625
bernstein_vazirani,6,secret_001000,4,13,1,14,amplitude_damping,0.01,0.97119140625
bernstein_vazirani,6,secret_001000,4,13,1,14,amplitude_damping,0.02,0.939208984375
bernstein_vazirani,6,secret_001000,4,13,1,14,amplitude_damping,0.05,0.861572265625
bernstein_vazirani,6,secret_001000,4,13,1,14,amplitude_damping,0.1,0.749267578125
bernstein_vazirani,6,secret_001000,4,13,1,14,thermal_relaxation,0.01,0.9951171875
bernstein_vazirani,6,secret_001000,4,13,1,14,thermal_relaxation,0.02,0.9912109375
bernstein_vazirani,6,secret_001000,4,13,1,14,thermal_relaxation,0.033,0.98828125
bernstein_vazirani,6,secret_001000,4,13,1,14,thermal_relaxation,0.05,0.9794921875
bernstein_vazirani,6,secret_001000,4,13,1,14,thermal_relaxation,0.1,0.95263671875
bernstein_vazirani,6,secret_100010,5,13,2,15,none,0.0,1.0
bernstein_vazirani,6,secret_100010,5,13,2,15,depolarizing,0.001,0.990966796875
bernstein_vazirani,6,secret_100010,5,13,2,15,depolarizing,0.005,0.955078125
bernstein_vazirani,6,secret_100010,5,13,2,15,depolarizing,0.01,0.913330078125
bernstein_vazirani,6,secret_100010,5,13,2,15,depolarizing,0.02,0.83837890625
bernstein_vazirani,6,secret_100010,5,13,2,15,depolarizing,0.05,0.640625
bernstein_vazirani,6,secret_100010,5,13,2,15,depolarizing,0.1,0.41650390625
bernstein_vazirani,6,secret_100010,5,13,2,15,amplitude_damping,0.001,0.995849609375
bernstein_vazirani,6,secret_100010,5,13,2,15,amplitude_damping,0.005,0.980224609375
bernstein_vazirani,6,secret_100010,5,13,2,15,amplitude_damping,0.01,0.95703125
bernstein_vazirani,6,secret_100010,5,13,2,15,amplitude_damping,0.02,0.913330078125
bernstein_vazirani,6,secret_100010,5,13,2,15,amplitude_damping,0.05,0.79931640625
bernstein_vazirani,6,secret_100010,5,13,2,15,amplitude_damping,0.1,0.632568359375
bernstein_vazirani,6,secret_100010,5,13,2,15,thermal_relaxation,0.01,0.99072265625
bernstein_vazirani,6,secret_100010,5,13,2,15,thermal_relaxation,0.02,0.98388671875
bernstein_vazirani,6,secret_100010,5,13,2,15,thermal_relaxation,0.033,0.97216796875
bernstein_vazirani,6,secret_100010,5,13,2,15,thermal_relaxation,0.05,0.95654296875
bernstein_vazirani,6,secret_100010,5,13,2,15,thermal_relaxation,0.1,0.919921875
bernstein_vazirani,6,secret_101010,6,13,3,16,none,0.0,1.0
bernstein_vazirani,6,secret_101010,6,13,3,16,depolarizing,0.001,0.98876953125
bernstein_vazirani,6,secret_101010,6,13,3,16,depolarizing,0.005,0.948486328125
bernstein_vazirani,6,secret_101010,6,13,3,16,depolarizing,0.01,0.903076171875
bernstein_vazirani,6,secret_101010,6,13,3,16,depolarizing,0.02,0.813232421875
bernstein_vazirani,6,secret_101010,6,13,3,16,depolarizing,0.05,0.59326171875
bernstein_vazirani,6,secret_101010,6,13,3,16,depolarizing,0.1,0.351806640625
bernstein_vazirani,6,secret_101010,6,13,3,16,amplitude_damping,0.001,0.993896484375
bernstein_vazirani,6,secret_101010,6,13,3,16,amplitude_damping,0.005,0.97216796875
bernstein_vazirani,6,secret_101010,6,13,3,16,amplitude_damping,0.01,0.94140625
bernstein_vazirani,6,secret_101010,6,13,3,16,amplitude_damping,0.02,0.891357421875
bernstein_vazirani,6,secret_101010,6,13,3,16,amplitude_damping,0.05,0.736328125
bernstein_vazirani,6,secret_101010,6,13,3,16,amplitude_damping,0.1,0.540283203125
bernstein_vazirani,6,secret_101010,6,13,3,16,thermal_relaxation,0.01,0.989013671875
bernstein_vazirani,6,secret_101010,6,13,3,16,thermal_relaxation,0.02,0.9755859375
bernstein_vazirani,6,secret_101010,6,13,3,16,thermal_relaxation,0.033,0.95751953125
bernstein_vazirani,6,secret_101010,6,13,3,16,thermal_relaxation,0.05,0.939453125
bernstein_vazirani,6,secret_101010,6,13,3,16,thermal_relaxation,0.1,0.88134765625
simons,6,period_010001,5,12,6,18,none,0.0,1.0
simons,6,period_010001,5,12,6,18,depolarizing,0.001,0.99658203125
simons,6,period_010001,5,12,6,18,depolarizing,0.005,0.982666015625
simons,6,period_010001,5,12,6,18,depolarizing,0.01,0.963623046875
simons,6,period_010001,5,12,6,18,depolarizing,0.02,0.928466796875
simons,6,period_010001,5,12,6,18,depolarizing,0.05,0.83642578125
simons,6,period_010001,5,12,6,18,depolarizing,0.1,0.726318359375
simons,6,period_010001,5,12,6,18,amplitude_damping,0.001,0.99755859375
simons,6,period_010001,5,12,6,18,amplitude_damping,0.005,0.986083984375
simons,6,period_010001,5,12,6,18,amplitude_damping,0.01,0.97998046875
simons,6,period_010001,5,12,6,18,amplitude_damping,0.02,0.956298828125
simons,6,period_010001,5,12,6,18,amplitude_damping,0.05,0.89892578125
simons,6,period_010001,5,12,6,18,amplitude_damping,0.1,0.8232421875
simons,6,period_010001,5,12,6,18,thermal_relaxation,0.01,0.992431640625
simons,6,period_010001,5,12,6,18,thermal_relaxation,0.02,0.987548828125
simons,6,period_010001,5,12,6,18,thermal_relaxation,0.033,0.9755859375
simons,6,period_010001,5,12,6,18,thermal_relaxation,0.05,0.9697265625
simons,6,period_010001,5,12,6,18,thermal_relaxation,0.1,0.929443359375
simons,6,period_100111,7,12,8,20,none,0.0,1.0
simons,6,period_100111,7,12,8,20,depolarizing,0.001,0.99267578125
simons,6,period_100111,7,12,8,20,depolarizing,0.005,0.955078125
simons,6,period_100111,7,12,8,20,depolarizing,0.01,0.908935546875
simons,6,period_100111,7,12,8,20,depolarizing,0.02,0.83251953125
simons,6,period_100111,7,12,8,20,depolarizing,0.05,0.683837890625
simons,6,period_100111,7,12,8,20,depolarizing,0.1,0.5615234375
simons,6,period_100111,7,12,8,20,amplitude_damping,0.001,0.99365234375
simons,6,period_100111,7,12,8,20,amplitude_damping,0.005,0.974853515625
simons,6,period_100111,7,12,8,20,amplitude_damping,0.01,0.949951171875
simons,6,period_100111,7,12,8,20,amplitude_damping,0.02,0.9033203125
simons,6,period_100111,7,12,8,20,amplitude_damping,0.05,0.79638671875
simons,6,period_100111,7,12,8,20,amplitude_damping,0.1,0.671630859375
simons,6,period_100111,7,12,8,20,thermal_relaxation,0.01,0.982421875
simons,6,period_100111,7,12,8,20,thermal_relaxation,0.02,0.96484375
simons,6,period_100111,7,12,8,20,thermal_relaxation,0.033,0.93896484375
simons,6,period_100111,7,12,8,20,thermal_relaxation,0.05,0.912109375
simons,6,period_100111,7,12,8,20,thermal_relaxation,0.1,0.840087890625
simons,6,period_101111,8,12,9,21,none,0.0,1.0
simons,6,period_101111,8,12,9,21,depolarizing,0.001,0.986572265625
simons,6,period_101111,8,12,9,21,depolarizing,0.005,0.940185546875
simons,6,period_101111,8,12,9,21,depolarizing,0.01,0.88525390625
simons,6,period_101111,8,12,9,21,depolarizing,0.02,0.793212890625
simons,6,period_101111,8,12,9,21,depolarizing,0.05,0.6328125
simons,6,period_101111,8,12,9,21,depolarizing,0.1,0.532470703125
simons,6,period_101111,8,12,9,21,amplitude_damping,0.001,0.9921875
simons,6,period_101111,8,12,9,21,amplitude_damping,0.005,0.966064453125
simons,6,period_101111,8,12,9,21,amplitude_damping,0.01,0.9365234375
simons,6,period_101111,8,12,9,21,amplitude_damping,0.02,0.872802734375
simons,6,period_101111,8,12,9,21,amplitude_damping,0.05,0.751708984375
simons,6,period_101111,8,12,9,21,amplitude_damping,0.1,0.609375
simons,6,period_101111,8,12,9,21,thermal_relaxation,0.01,0.97314453125
simons,6,period_101111,8,12,9,21,thermal_relaxation,0.02,0.953857421875
simons,6,period_101111,8,12,9,21,thermal_relaxation,0.033,0.91748046875
simons,6,period_101111,8,12,9,21,thermal_relaxation,0.05,0.894287109375
simons,6,period_101111,8,12,9,21,thermal_relaxation,0.1,0.793701171875
deutsch_jozsa,7,constant_0,3,15,0,15,none,0.0,1.0
deutsch_jozsa,7,constant_0,3,15,0,15,depolarizing,0.001,0.992919921875
deutsch_jozsa,7,constant_0,3,15,0,15,depolarizing,0.005,0.967529296875
deutsch_jozsa,7,constant_0,3,15,0,15,depolarizing,0.01,0.93701171875
deutsch_jozsa,7,constant_0,3,15,0,15,depolarizing,0.02,0.87548828125
deutsch_jozsa,7,constant_0,3,15,0,15,depolarizing,0.05,0.7060546875
deutsch_jozsa,7,constant_0,3,15,0,15,depolarizing,0.1,0.489501953125
deutsch_jozsa,7,constant_0,3,15,0,15,amplitude_damping,0.001,0.9990234375
deutsch_jozsa,7,constant_0,3,15,0,15,amplitude_damping,0.005,0.99072265625
deutsch_jozsa,7,constant_0,3,15,0,15,amplitude_damping,0.01,0.981689453125
deutsch_jozsa,7,constant_0,3,15,0,15,amplitude_damping,0.02,0.968505859375
deutsch_jozsa,7,constant_0,3,15,0,15,amplitude_damping,0.05,0.923095703125
deutsch_jozsa,7,constant_0,3,15,0,15,amplitude_damping,0.1,0.8544921875
deutsch_jozsa,7,constant_0,3,15,0,15,thermal_relaxation,0.01,0.998779296875
deutsch_jozsa,7,constant_0,3,15,0,15,thermal_relaxation,0.02,0.996337890625
deutsch_jozsa,7,constant_0,3,15,0,15,thermal_relaxation,0.033,0.992431640625
deutsch_jozsa,7,constant_0,3,15,0,15,thermal_relaxation,0.05,0.987548828125
deutsch_jozsa,7,constant_0,3,15,0,15,thermal_relaxation,0.1,0.9775390625
deutsch_jozsa,7,constant_1,4,16,0,16,none,0.0,1.0
deutsch_jozsa,7,constant_1,4,16,0,16,depolarizing,0.001,0.992919921875
deutsch_jozsa,7,constant_1,4,16,0,16,depolarizing,0.005,0.967529296875
deutsch_jozsa,7,constant_1,4,16,0,16,depolarizing,0.01,0.93701171875
deutsch_jozsa,7,constant_1,4,16,0,16,depolarizing,0.02,0.87548828125
deutsch_jozsa,7,constant_1,4,16,0,16,depolarizing,0.05,0.7060546875
deutsch_jozsa,7,constant_1,4,16,0,16,depolarizing,0.1,0.489501953125
deutsch_jozsa,7,constant_1,4,16,0,16,amplitude_damping,0.001,0.9990234375
deutsch_jozsa,7,constant_1,4,16,0,16,amplitude_damping,0.005,0.99072265625
deutsch_jozsa,7,constant_1,4,16,0,16,amplitude_damping,0.01,0.981689453125
deutsch_jozsa,7,constant_1,4,16,0,16,amplitude_damping,0.02,0.968505859375
deutsch_jozsa,7,constant_1,4,16,0,16,amplitude_damping,0.05,0.923095703125
deutsch_jozsa,7,constant_1,4,16,0,16,amplitude_damping,0.1,0.8544921875
deutsch_jozsa,7,constant_1,4,16,0,16,thermal_relaxation,0.01,0.998779296875
deutsch_jozsa,7,constant_1,4,16,0,16,thermal_relaxation,0.02,0.996337890625
deutsch_jozsa,7,constant_1,4,16,0,16,thermal_relaxation,0.033,0.992431640625
deutsch_jozsa,7,constant_1,4,16,0,16,thermal_relaxation,0.05,0.987548828125
deutsch_jozsa,7,constant_1,4,16,0,16,thermal_relaxation,0.1,0.9775390625
deutsch_jozsa,7,balanced_0,12,24,7,31,none,0.0,1.0
deutsch_jozsa,7,balanced_0,12,24,7,31,depolarizing,0.001,0.998779296875
deutsch_jozsa,7,balanced_0,12,24,7,31,depolarizing,0.005,0.99560546875
deutsch_jozsa,7,balanced_0,12,24,7,31,depolarizing,0.01,0.991455078125
deutsch_jozsa,7,balanced_0,12,24,7,31,depolarizing,0.02,0.9873046875
deutsch_jozsa,7,balanced_0,12,24,7,31,depolarizing,0.05,0.981689453125
deutsch_jozsa,7,balanced_0,12,24,7,31,depolarizing,0.1,0.983642578125
deutsch_jozsa,7,balanced_0,12,24,7,31,amplitude_damping,0.001,0.999755859375
deutsch_jozsa,7,balanced_0,12,24,7,31,amplitude_damping,0.005,0.99853515625
deutsch_jozsa,7,balanced_0,12,24,7,31,amplitude_damping,0.01,0.997802734375
deutsch_jozsa,7,balanced_0,12,24,7,31,amplitude_damping,0.02,0.9951171875
deutsch_jozsa,7,balanced_0,12,24,7,31,amplitude_damping,0.05,0.9912109375
deutsch_jozsa,7,balanced_0,12,24,7,31,amplitude_damping,0.1,0.983642578125
deutsch_jozsa,7,balanced_0,12,24,7,31,thermal_relaxation,0.01,0.99951171875
deutsch_jozsa,7,balanced_0,12,24,7,31,thermal_relaxation,0.02,0.9990234375
deutsch_jozsa,7,balanced_0,12,24,7,31,thermal_relaxation,0.033,0.998779296875
deutsch_jozsa,7,balanced_0,12,24,7,31,thermal_relaxation,0.05,0.998291015625
deutsch_jozsa,7,balanced_0,12,24,7,31,thermal_relaxation,0.1,0.994873046875
deutsch_jozsa,7,balanced_1,11,23,7,30,none,0.0,1.0
deutsch_jozsa,7,balanced_1,11,23,7,30,depolarizing,0.001,0.998779296875
deutsch_jozsa,7,balanced_1,11,23,7,30,depolarizing,0.005,0.99560546875
deutsch_jozsa,7,balanced_1,11,23,7,30,depolarizing,0.01,0.991455078125
deutsch_jozsa,7,balanced_1,11,23,7,30,depolarizing,0.02,0.9873046875
deutsch_jozsa,7,balanced_1,11,23,7,30,depolarizing,0.05,0.981689453125
deutsch_jozsa,7,balanced_1,11,23,7,30,depolarizing,0.1,0.984130859375
deutsch_jozsa,7,balanced_1,11,23,7,30,amplitude_damping,0.001,0.999755859375
deutsch_jozsa,7,balanced_1,11,23,7,30,amplitude_damping,0.005,0.998779296875
deutsch_jozsa,7,balanced_1,11,23,7,30,amplitude_damping,0.01,0.99755859375
deutsch_jozsa,7,balanced_1,11,23,7,30,amplitude_damping,0.02,0.995361328125
deutsch_jozsa,7,balanced_1,11,23,7,30,amplitude_damping,0.05,0.98974609375
deutsch_jozsa,7,balanced_1,11,23,7,30,amplitude_damping,0.1,0.983154296875
deutsch_jozsa,7,balanced_1,11,23,7,30,thermal_relaxation,0.01,0.99951171875
deutsch_jozsa,7,balanced_1,11,23,7,30,thermal_relaxation,0.02,0.9990234375
deutsch_jozsa,7,balanced_1,11,23,7,30,thermal_relaxation,0.033,0.998779296875
deutsch_jozsa,7,balanced_1,11,23,7,30,thermal_relaxation,0.05,0.998291015625
deutsch_jozsa,7,balanced_1,11,23,7,30,thermal_relaxation,0.1,0.9951171875
deutsch_jozsa,7,balanced_2,10,18,7,25,none,0.0,1.0
deutsch_jozsa,7,balanced_2,10,18,7,25,depolarizing,0.001,0.998779296875
deutsch_jozsa,7,balanced_2,10,18,7,25,depolarizing,0.005,0.99560546875
deutsch_jozsa,7,balanced_2,10,18,7,25,depolarizing,0.01,0.991455078125
deutsch_jozsa,7,balanced_2,10,18,7,25,depolarizing,0.02,0.986328125
deutsch_jozsa,7,balanced_2,10,18,7,25,depolarizing,0.05,0.97998046875
deutsch_jozsa,7,balanced_2,10,18,7,25,depolarizing,0.1,0.9814453125
deutsch_jozsa,7,balanced_2,10,18,7,25,amplitude_damping,0.001,0.999755859375
deutsch_jozsa,7,balanced_2,10,18,7,25,amplitude_damping,0.005,0.998779296875
deutsch_jozsa,7,balanced_2,10,18,7,25,amplitude_damping,0.01,0.99755859375
deutsch_jozsa,7,balanced_2,10,18,7,25,amplitude_damping,0.02,0.994873046875
deutsch_jozsa,7,balanced_2,10,18,7,25,amplitude_damping,0.05,0.9892578125
deutsch_jozsa,7,balanced_2,10,18,7,25,amplitude_damping,0.1,0.98046875
deutsch_jozsa,7,balanced_2,10,18,7,25,thermal_relaxation,0.01,0.99951171875
deutsch_jozsa,7,balanced_2,10,18,7,25,thermal_relaxation,0.02,0.9990234375
deutsch_jozsa,7,balanced_2,10,18,7,25,thermal_relaxation,0.033,0.998779296875
deutsch_jozsa,7,balanced_2,10,18,7,25,thermal_relaxation,0.05,0.998291015625
deutsch_jozsa,7,balanced_2,10,18,7,25,thermal_relaxation,0.1,0.9951171875
bernstein_vazirani,7,secret_0110100,6,15,3,18,none,0.0,1.0
bernstein_vazirani,7,secret_0110100,6,15,3,18,depolarizing,0.001,0.98828125
bernstein_vazirani,7,secret_0110100,6,15,3,18,depolarizing,0.005,0.943115234375
bernstein_vazirani,7,secret_0110100,6,15,3,18,depolarizing,0.01,0.89306640625
bernstein_vazirani,7,secret_0110100,6,15,3,18,depolarizing,0.02,0.80126953125
bernstein_vazirani,7,secret_0110100,6,15,3,18,depolarizing,0.05,0.563232421875
bernstein_vazirani,7,secret_0110100,6,15,3,18,depolarizing,0.1,0.323974609375
bernstein_vazirani,7,secret_0110100,6,15,3,18,amplitude_damping,0.001,0.99365234375
bernstein_vazirani,7,secret_0110100,6,15,3,18,amplitude_damping,0.005,0.971435546875
bernstein_vazirani,7,secret_0110100,6,15,3,18,amplitude_damping,0.01,0.938720703125
bernstein_vazirani,7,secret_0110100,6,15,3,18,amplitude_damping,0.02,0.88623046875
bernstein_vazirani,7,secret_0110100,6,15,3,18,amplitude_damping,0.05,0.7294921875
bernstein_vazirani,7,secret_0110100,6,15,3,18,amplitude_damping,0.1,0.5263671875
bernstein_vazirani,7,secret_0110100,6,15,3,18,thermal_relaxation,0.01,0.98828125
bernstein_vazirani,7,secret_0110100,6,15,3,18,thermal_relaxation,0.02,0.974853515625
bernstein_vazirani,7,secret_0110100,6,15,3,18,thermal_relaxation,0.033,0.95703125
bernstein_vazirani,7,secret_0110100,6,15,3,18,thermal_relaxation,0.05,0.938720703125
bernstein_vazirani,7,secret_0110100,6,15,3,18,thermal_relaxation,0.1,0.878173828125
bernstein_vazirani,7,secret_1000011,6,15,3,18,none,0.0,1.0
bernstein_vazirani,7,secret_1000011,6,15,3,18,depolarizing,0.001,0.98828125
bernstein_vazirani,7,secret_1000011,6,15,3,18,depolarizing,0.005,0.943115234375
bernstein_vazirani,7,secret_1000011,6,15,3,18,depolarizing,0.01,0.891845703125
bernstein_vazirani,7,secret_1000011,6,15,3,18,depolarizing,0.02,0.80029296875
bernstein_vazirani,7,secret_1000011,6,15,3,18,depolarizing,0.05,0.564208984375
bernstein_vazirani,7,secret_1000011,6,15,3,18,depolarizing,0.1,0.324462890625
bernstein_vazirani,7,secret_1000011,6,15,3,18,amplitude_damping,0.001,0.99365234375
bernstein_vazirani,7,secret_1000011,6,15,3,18,amplitude_damping,0.005,0.971435546875
bernstein_vazirani,7,secret_1000011,6,15,3,18,amplitude_damping,0.01,0.93896484375
bernstein_vazirani,7,secret_1000011,6,15,3,18,amplitude_damping,0.02,0.885986328125
bernstein_vazirani,7,secret_1000011,6,15,3,18,amplitude_damping,0.05,0.73046875
bernstein_vazirani,7,secret_1000011,6,15,3,18,amplitude_damping,0.1,0.529296875
bernstein_vazirani,7,secret_1000011,6,15,3,18,thermal_relaxation,0.01,0.98828125
bernstein_vazirani,7,secret_1000011,6,15,3,18,thermal_relaxation,0.02,0.974853515625
bernstein_vazirani,7,secret_1000011,6,15,3,18,thermal_relaxation,0.033,0.95703125
bernstein_vazirani,7,secret_1000011,6,15,3,18,thermal_relaxation,0.05,0.938720703125
bernstein_vazirani,7,secret_1000011,6,15,3,18,thermal_relaxation,0.1,0.8779296875
bernstein_vazirani,7,secret_1010011,7,15,4,19,none,0.0,1.0
bernstein_vazirani,7,secret_1010011,7,15,4,19,depolarizing,0.001,0.9873046875
bernstein_vazirani,7,secret_1010011,7,15,4,19,depolarizing,0.005,0.935791015625
bernstein_vazirani,7,secret_1010011,7,15,4,19,depolarizing,0.01,0.88037109375
bernstein_vazirani,7,secret_1010011,7,15,4,19,depolarizing,0.02,0.773193359375
bernstein_vazirani,7,secret_1010011,7,15,4,19,depolarizing,0.05,0.525390625
bernstein_vazirani,7,secret_1010011,7,15,4,19,depolarizing,0.1,0.274658203125
bernstein_vazirani,7,secret_1010011,7,15,4,19,amplitude_damping,0.001,0.992431640625
bernstein_vazirani,7,secret_1010011,7,15,4,19,amplitude_damping,0.005,0.96435546875
bernstein_vazirani,7,secret_1010011,7,15,4,19,amplitude_damping,0.01,0.92626953125
bernstein_vazirani,7,secret_1010011,7,15,4,19,amplitude_damping,0.02,0.8603515625
bernstein_vazirani,7,secret_1010011,7,15,4,19,amplitude_damping,0.05,0.669189453125
bernstein_vazirani,7,secret_1010011,7,15,4,19,amplitude_damping,0.1,0.4482421875
bernstein_vazirani,7,secret_1010011,7,15,4,19,thermal_relaxation,0.01,0.984375
bernstein_vazirani,7,secret_1010011,7,15,4,19,thermal_relaxation,0.02,0.96630859375
bernstein_vazirani,7,secret_1010011,7,15,4,19,thermal_relaxation,0.033,0.943359375
bernstein_vazirani,7,secret_1010011,7,15,4,19,thermal_relaxation,0.05,0.92041015625
bernstein_vazirani,7,secret_1010011,7,15,4,19,thermal_relaxation,0.1,0.84033203125
simons,7,period_1010100,6,14,8,22,none,0.0,1.0
simons,7,period_1010100,6,14,8,22,depolarizing,0.001,0.99072265625
simons,7,period_1010100,6,14,8,22,depolarizing,0.005,0.965087890625
simons,7,period_1010100,6,14,8,22,depolarizing,0.01,0.9287109375
simons,7,period_1010100,6,14,8,22,depolarizing,0.02,0.874267578125
simons,7,period_1010100,6,14,8,22,depolarizing,0.05,0.75341796875
simons,7,period_1010100,6,14,8,22,depolarizing,0.1,0.61474609375
simons,7,period_1010100,6,14,8,22,amplitude_damping,0.001,0.995849609375
simons,7,period_1010100,6,14,8,22,amplitude_damping,0.005,0.982177734375
simons,7,period_1010100,6,14,8,22,amplitude_damping,0.01,0.966552734375
simons,7,period_1010100,6,14,8,22,amplitude_damping,0.02,0.926025390625
simons,7,period_1010100,6,14,8,22,amplitude_damping,0.05,0.842529296875
simons,7,period_1010100,6,14,8,22,amplitude_damping,0.1,0.73486328125
simons,7,period_1010100,6,14,8,22,thermal_relaxation,0.01,0.98583984375
simons,7,period_1010100,6,14,8,22,thermal_relaxation,0.02,0.97119140625
simons,7,period_1010100,6,14,8,22,thermal_relaxation,0.033,0.956787109375
simons,7,period_1010100,6,14,8,22,thermal_relaxation,0.05,0.94140625
simons,7,period_1010100,6,14,8,22,thermal_relaxation,0.1,0.88818359375
simons,7,period_1100111,8,14,10,24,none,0.0,1.0
simons,7,period_1100111,8,14,10,24,depolarizing,0.001,0.984619140625
simons,7,period_1100111,8,14,10,24,depolarizing,0.005,0.9404296875
simons,7,period_1100111,8,14,10,24,depolarizing,0.01,0.88671875
simons,7,period_1100111,8,14,10,24,depolarizing,0.02,0.797607421875
simons,7,period_1100111,8,14,10,24,depolarizing,0.05,0.639892578125
simons,7,period_1100111,8,14,10,24,depolarizing,0.1,0.524169921875
simons,7,period_1100111,8,14,10,24,amplitude_damping,0.001,0.99267578125
simons,7,period_1100111,8,14,10,24,amplitude_damping,0.005,0.967041015625
simons,7,period_1100111,8,14,10,24,amplitude_damping,0.01,0.9375
simons,7,period_1100111,8,14,10,24,amplitude_damping,0.02,0.876953125
simons,7,period_1100111,8,14,10,24,amplitude_damping,0.05,0.742919921875
simons,7,period_1100111,8,14,10,24,amplitude_damping,0.1,0.623046875
simons,7,period_1100111,8,14,10,24,thermal_relaxation,0.01,0.971435546875
simons,7,period_1100111,8,14,10,24,thermal_relaxation,0.02,0.94970703125
simons,7,period_1100111,8,14,10,24,thermal_relaxation,0.033,0.91845703125
simons,7,period_1100111,8,14,10,24,thermal_relaxation,0.05,0.888671875
simons,7,period_1100111,8,14,10,24,thermal_relaxation,0.1,0.8037109375
simons,7,period_1111101,9,14,11,25,none,0.0,1.0
simons,7,period_1111101,9,14,11,25,depolarizing,0.001,0.98095703125
simons,7,period_1111101,9,14,11,25,depolarizing,0.005,0.925048828125
simons,7,period_1111101,9,14,11,25,depolarizing,0.01,0.8623046875
simons,7,period_1111101,9,14,11,25,depolarizing,0.02,0.766357421875
simons,7,period_1111101,9,14,11,25,depolarizing,0.05,0.6005859375
simons,7,period_1111101,9,14,11,25,depolarizing,0.1,0.521484375
simons,7,period_1111101,9,14,11,25,amplitude_damping,0.001,0.99169921875
simons,7,period_1111101,9,14,11,25,amplitude_damping,0.005,0.96044921875
simons,7,period_1111101,9,14,11,25,amplitude_damping,0.01,0.928955078125
simons,7,period_1111101,9,14,11,25,amplitude_damping,0.02,0.859130859375
simons,7,period_1111101,9,14,11,25,amplitude_damping,0.05,0.722900390625
simons,7,period_1111101,9,14,11,25,amplitude_damping,0.1,0.595703125
simons,7,period_1111101,9,14,11,25,thermal_relaxation,0.01,0.972412109375
simons,7,period_1111101,9,14,11,25,thermal_relaxation,0.02,0.941162109375
simons,7,period_1111101,9,14,11,25,thermal_relaxation,0.033,0.912353515625
simons,7,period_1111101,9,14,11,25,thermal_relaxation,0.05,0.875244140625
simons,7,period_1111101,9,14,11,25,thermal_relaxation,0.1,0.769775390625
deutsch_jozsa,8,constant_0,3,17,0,17,none,0.0,1.0
deutsch_jozsa,8,constant_0,3,17,0,17,depolarizing,0.001,0.99169921875
deutsch_jozsa,8,constant_0,3,17,0,17,depolarizing,0.005,0.9619140625
deutsch_jozsa,8,constant_0,3,17,0,17,depolarizing,0.01,0.926513671875
deutsch_jozsa,8,constant_0,3,17,0,17,depolarizing,0.02,0.8564453125
deutsch_jozsa,8,constant_0,3,17,0,17,depolarizing,0.05,0.671630859375
deutsch_jozsa,8,constant_0,3,17,0,17,depolarizing,0.1,0.440673828125
deutsch_jozsa,8,constant_0,3,17,0,17,amplitude_damping,0.001,0.998779296875
deutsch_jozsa,8,constant_0,3,17,0,17,amplitude_damping,0.005,0.989013671875
deutsch_jozsa,8,constant_0,3,17,0,17,amplitude_damping,0.01,0.97900390625
deutsch_jozsa,8,constant_0,3,17,0,17,amplitude_damping,0.02,0.962158203125
deutsch_jozsa,8,constant_0,3,17,0,17,amplitude_damping,0.05,0.91455078125
deutsch_jozsa,8,constant_0,3,17,0,17,amplitude_damping,0.1,0.837646484375
deutsch_jozsa,8,constant_0,3,17,0,17,thermal_relaxation,0.01,0.998779296875
deutsch_jozsa,8,constant_0,3,17,0,17,thermal_relaxation,0.02,0.995361328125
deutsch_jozsa,8,constant_0,3,17,0,17,thermal_relaxation,0.033,0.99072265625
deutsch_jozsa,8,constant_0,3,17,0,17,thermal_relaxation,0.05,0.986572265625
deutsch_jozsa,8,constant_0,3,17,0,17,thermal_relaxation,0.1,0.97509765625
deutsch_jozsa,8,constant_1,4,18,0,18,none,0.0,1.0
deutsch_jozsa,8,constant_1,4,18,0,18,depolarizing,0.001,0.99169921875
deutsch_jozsa,8,constant_1,4,18,0,18,depolarizing,0.005,0.9619140625
deutsch_jozsa,8,constant_1,4,18,0,18,depolarizing,0.01,0.926513671875
deutsch_jozsa,8,constant_1,4,18,0,18,depolarizing,0.02,0.8564453125
deutsch_jozsa,8,constant_1,4,18,0,18,depolarizing,0.05,0.671630859375
deutsch_jozsa,8,constant_1,4,18,0,18,depolarizing,0.1,0.440673828125
deutsch_jozsa,8,constant_1,4,18,0,18,amplitude_damping,0.001,0.998779296875
deutsch_jozsa,8,constant_1,4,18,0,18,amplitude_damping,0.005,0.989013671875
deutsch_jozsa,8,constant_1,4,18,0,18,amplitude_damping,0.01,0.97900390625
deutsch_jozsa,8,constant_1,4,18,0,18,amplitude_damping,0.02,0.962158203125
deutsch_jozsa,8,constant_1,4,18,0,18,amplitude_damping,0.05,0.91455078125
deutsch_jozsa,8,constant_1,4,18,0,18,amplitude_damping,0.1,0.837646484375
deutsch_jozsa,8,constant_1,4,18,0,18,thermal_relaxation,0.01,0.998779296875
deutsch_jozsa,8,constant_1,4,18,0,18,thermal_relaxation,0.02,0.995361328125
deutsch_jozsa,8,constant_1,4,18,0,18,thermal_relaxation,0.033,0.99072265625
deutsch_jozsa,8,constant_1,4,18,0,18,thermal_relaxation,0.05,0.986572265625
deutsch_jozsa,8,constant_1,4,18,0,18,thermal_relaxation,0.1,0.97509765625
deutsch_jozsa,8,balanced_0,11,26,8,34,none,0.0,1.0
deutsch_jozsa,8,balanced_0,11,26,8,34,depolarizing,0.001,0.998779296875
deutsch_jozsa,8,balanced_0,11,26,8,34,depolarizing,0.005,0.995849609375
deutsch_jozsa,8,balanced_0,11,26,8,34,depolarizing,0.01,0.991455078125
deutsch_jozsa,8,balanced_0,11,26,8,34,depolarizing,0.02,0.98828125
deutsch_jozsa,8,balanced_0,11,26,8,34,depolarizing,0.05,0.9833984375
deutsch_jozsa,8,balanced_0,11,26,8,34,depolarizing,0.1,0.98828125
deutsch_jozsa,8,balanced_0,11,26,8,34,amplitude_damping,0.001,0.999755859375
deutsch_jozsa,8,balanced_0,11,26,8,34,amplitude_damping,0.005,0.99853515625
deutsch_jozsa,8,balanced_0,11,26,8,34,amplitude_damping,0.01,0.997802734375
deutsch_jozsa,8,balanced_0,11,26,8,34,amplitude_damping,0.02,0.9951171875
deutsch_jozsa,8,balanced_0,11,26,8,34,amplitude_damping,0.05,0.991455078125
deutsch_jozsa,8,balanced_0,11,26,8,34,amplitude_damping,0.1,0.9853515625
deutsch_jozsa,8,balanced_0,11,26,8,34,thermal_relaxation,0.01,0.99951171875
deutsch_jozsa,8,balanced_0,11,26,8,34,thermal_relaxation,0.02,0.9990234375
deutsch_jozsa,8,balanced_0,11,26,8,34,thermal_relaxation,0.033,0.998779296875
deutsch_jozsa,8,balanced_0,11,26,8,34,thermal_relaxation,0.05,0.998291015625
deutsch_jozsa,8,balanced_0,11,26,8,34,thermal_relaxation,0.1,0.994873046875
deutsch_jozsa,8,balanced_1,12,27,8,35,none,0.0,1.0
deutsch_jozsa,8,balanced_1,12,27,8,35,depolarizing,0.001,0.998779296875
deutsch_jozsa,8,balanced_1,12,27,8,35,depolarizing,0.005,0.995849609375
deutsch_jozsa,8,balanced_1,12,27,8,35,depolarizing,0.01,0.991455078125
deutsch_jozsa,8,balanced_1,12,27,8,35,depolarizing,0.02,0.98828125
deutsch_jozsa,8,balanced_1,12,27,8,35,depolarizing,0.05,0.9833984375
deutsch_jozsa,8,balanced_1,12,27,8,35,depolarizing,0.1,0.988037109375
deutsch_jozsa,8,balanced_1,12,27,8,35,amplitude_damping,0.001,0.999755859375
deutsch_jozsa,8,balanced_1,12,27,8,35,amplitude_damping,0.005,0.99853515625
deutsch_jozsa,8,balanced_1,12,27,8,35,amplitude_damping,0.01,0.997802734375
deutsch_jozsa,8,balanced_1,12,27,8,35,amplitude_damping,0.02,0.9951171875
deutsch_jozsa,8,balanced_1,12,27,8,35,amplitude_damping,0.05,0.991455078125
deutsch_jozsa,8,balanced_1,12,27,8,35,amplitude_damping,0.1,0.9853515625
deutsch_jozsa,8,balanced_1,12,27,8,35,thermal_relaxation,0.01,0.99951171875
deutsch_jozsa,8,balanced_1,12,27,8,35,thermal_relaxation,0.02,0.9990234375
deutsch_jozsa,8,balanced_1,12,27,8,35,thermal_relaxation,0.033,0.998779296875
deutsch_jozsa,8,balanced_1,12,27,8,35,thermal_relaxation,0.05,0.998291015625
deutsch_jozsa,8,balanced_1,12,27,8,35,thermal_relaxation,0.1,0.994873046875
deutsch_jozsa,8,balanced_2,11,21,8,29,none,0.0,1.0
deutsch_jozsa,8,balanced_2,11,21,8,29,depolarizing,0.001,0.998779296875
deutsch_jozsa,8,balanced_2,11,21,8,29,depolarizing,0.005,0.99560546875
deutsch_jozsa,8,balanced_2,11,21,8,29,depolarizing,0.01,0.991455078125
deutsch_jozsa,8,balanced_2,11,21,8,29,depolarizing,0.02,0.9873046875
deutsch_jozsa,8,balanced_2,11,21,8,29,depolarizing,0.05,0.982177734375
deutsch_jozsa,8,balanced_2,11,21,8,29,depolarizing,0.1,0.98583984375
deutsch_jozsa,8,balanced_2,11,21,8,29,amplitude_damping,0.001,0.999755859375
deutsch_jozsa,8,balanced_2,11,21,8,29,amplitude_damping,0.005,0.998779296875
deutsch_jozsa,8,balanced_2,11,21,8,29,amplitude_damping,0.01,0.99755859375
deutsch_jozsa,8,balanced_2,11,21,8,29,amplitude_damping,0.02,0.995361328125
deutsch_jozsa,8,balanced_2,11,21,8,29,amplitude_damping,0.05,0.98974609375
deutsch_jozsa,8,balanced_2,11,21,8,29,amplitude_damping,0.1,0.98291015625
deutsch_jozsa,8,balanced_2,11,21,8,29,thermal_relaxation,0.01,0.99951171875
deutsch_jozsa,8,balanced_2,11,21,8,29,thermal_relaxation,0.02,0.9990234375
deutsch_jozsa,8,balanced_2,11,21,8,29,thermal_relaxation,0.033,0.998779296875
deutsch_jozsa,8,balanced_2,11,21,8,29,thermal_relaxation,0.05,0.998291015625
deutsch_jozsa,8,balanced_2,11,21,8,29,thermal_relaxation,0.1,0.9951171875
bernstein_vazirani,8,secret_00010110,6,17,3,20,none,0.0,1.0
bernstein_vazirani,8,secret_00010110,6,17,3,20,depolarizing,0.001,0.9873046875
bernstein_vazirani,8,secret_00010110,6,17,3,20,depolarizing,0.005,0.93896484375
bernstein_vazirani,8,secret_00010110,6,17,3,20,depolarizing,0.01,0.883544921875
bernstein_vazirani,8,secret_00010110,6,17,3,20,depolarizing,0.02,0.782958984375
bernstein_vazirani,8,secret_00010110,6,17,3,20,depolarizing,0.05,0.537841796875
bernstein_vazirani,8,secret_00010110,6,17,3,20,depolarizing,0.1,0.29833984375
bernstein_vazirani,8,secret_00010110,6,17,3,20,amplitude_damping,0.001,0.992919921875
bernstein_vazirani,8,secret_00010110,6,17,3,20,amplitude_damping,0.005,0.97021484375
bernstein_vazirani,8,secret_00010110,6,17,3,20,amplitude_damping,0.01,0.935302734375
bernstein_vazirani,8,secret_00010110,6,17,3,20,amplitude_damping,0.02,0.88037109375
bernstein_vazirani,8,secret_00010110,6,17,3,20,amplitude_damping,0.05,0.720947265625
bernstein_vazirani,8,secret_00010110,6,17,3,20,amplitude_damping,0.1,0.516845703125
bernstein_vazirani,8,secret_00010110,6,17,3,20,thermal_relaxation,0.01,0.98828125
bernstein_vazirani,8,secret_00010110,6,17,3,20,thermal_relaxation,0.02,0.97509765625
bernstein_vazirani,8,secret_00010110,6,17,3,20,thermal_relaxation,0.033,0.956787109375
bernstein_vazirani,8,secret_00010110,6,17,3,20,thermal_relaxation,0.05,0.936767578125
bernstein_vazirani,8,secret_00010110,6,17,3,20,thermal_relaxation,0.1,0.87548828125
bernstein_vazirani,8,secret_00110011,7,17,4,21,none,0.0,1.0
bernstein_vazirani,8,secret_00110011,7,17,4,21,depolarizing,0.001,0.98681640625
bernstein_vazirani,8,secret_00110011,7,17,4,21,depolarizing,0.005,0.9306640625
bernstein_vazirani,8,secret_00110011,7,17,4,21,depolarizing,0.01,0.868896484375
bernstein_vazirani,8,secret_00110011,7,17,4,21,depolarizing,0.02,0.7607421875
bernstein_vazirani,8,secret_00110011,7,17,4,21,depolarizing,0.05,0.492919921875
bernstein_vazirani,8,secret_00110011,7,17,4,21,depolarizing,0.1,0.25
bernstein_vazirani,8,secret_00110011,7,17,4,21,amplitude_damping,0.001,0.9921875
bernstein_vazirani,8,secret_00110011,7,17,4,21,amplitude_damping,0.005,0.963623046875
bernstein_vazirani,8,secret_00110011,7,17,4,21,amplitude_damping,0.01,0.923583984375
bernstein_vazirani,8,secret_00110011,7,17,4,21,amplitude_damping,0.02,0.85546875
bernstein_vazirani,8,secret_00110011,7,17,4,21,amplitude_damping,0.05,0.66259765625
bernstein_vazirani,8,secret_00110011,7,17,4,21,amplitude_damping,0.1,0.435302734375
bernstein_vazirani,8,secret_00110011,7,17,4,21,thermal_relaxation,0.01,0.983642578125
bernstein_vazirani,8,secret_00110011,7,17,4,21,thermal_relaxation,0.02,0.965576171875
bernstein_vazirani,8,secret_00110011,7,17,4,21,thermal_relaxation,0.033,0.94287109375
bernstein_vazirani,8,secret_00110011,7,17,4,21,thermal_relaxation,0.05,0.919921875
bernstein_vazirani,8,secret_00110011,7,17,4,21,thermal_relaxation,0.1,0.837158203125
bernstein_vazirani,8,secret_11101101,9,17,6,23,none,0.0,1.0
bernstein_vazirani,8,secret_11101101,9,17,6,23,depolarizing,0.001,0.983642578125
bernstein_vazirani,8,secret_11101101,9,17,6,23,depolarizing,0.005,0.920166015625
bernstein_vazirani,8,secret_11101101,9,17,6,23,depolarizing,0.01,0.844970703125
bernstein_vazirani,8,secret_11101101,9,17,6,23,depolarizing,0.02,0.7138671875
bernstein_vazirani,8,secret_11101101,9,17,6,23,depolarizing,0.05,0.423828125
bernstein_vazirani,8,secret_11101101,9,17,6,23,depolarizing,0.1,0.182373046875
bernstein_vazirani,8,secret_11101101,9,17,6,23,amplitude_damping,0.001,0.989990234375
bernstein_vazirani,8,secret_11101101,9,17,6,23,amplitude_damping,0.005,0.94677734375
bernstein_vazirani,8,secret_11101101,9,17,6,23,amplitude_damping,0.01,0.9013671875
bernstein_vazirani,8,secret_11101101,9,17,6,23,amplitude_damping,0.02,0.804443359375
bernstein_vazirani,8,secret_11101101,9,17,6,23,amplitude_damping,0.05,0.5712890625
bernstein_vazirani,8,secret_11101101,9,17,6,23,amplitude_damping,0.1,0.322265625
bernstein_vazirani,8,secret_11101101,9,17,6,23,thermal_relaxation,0.01,0.975830078125
bernstein_vazirani,8,secret_11101101,9,17,6,23,thermal_relaxation,0.02,0.948974609375
bernstein_vazirani,8,secret_11101101,9,17,6,23,thermal_relaxation,0.033,0.9189453125
bernstein_vazirani,8,secret_11101101,9,17,6,23,thermal_relaxation,0.05,0.88134765625
bernstein_vazirani,8,secret_11101101,9,17,6,23,thermal_relaxation,0.1,0.77099609375
simons,8,period_00100001,5,16,8,24,none,0.0,1.0
simons,8,period_00100001,5,16,8,24,depolarizing,0.001,0.996337890625
simons,8,period_00100001,5,16,8,24,depolarizing,0.005,0.979248046875
simons,8,period_00100001,5,16,8,24,depolarizing,0.01,0.95751953125
simons,8,period_00100001,5,16,8,24,depolarizing,0.02,0.927490234375
simons,8,period_00100001,5,16,8,24,depolarizing,0.05,0.82861328125
simons,8,period_00100001,5,16,8,24,depolarizing,0.1,0.716796875
simons,8,period_00100001,5,16,8,24,amplitude_damping,0.001,0.996337890625
simons,8,period_00100001,5,16,8,24,amplitude_damping,0.005,0.988037109375
simons,8,period_00100001,5,16,8,24,amplitude_damping,0.01,0.9755859375
simons,8,period_00100001,5,16,8,24,amplitude_damping,0.02,0.958984375
simons,8,period_00100001,5,16,8,24,amplitude_damping,0.05,0.8994140625
simons,8,period_00100001,5,16,8,24,amplitude_damping,0.1,0.8173828125
simons,8,period_00100001,5,16,8,24,thermal_relaxation,0.01,0.994140625
simons,8,period_00100001,5,16,8,24,thermal_relaxation,0.02,0.986083984375
simons,8,period_00100001,5,16,8,24,thermal_relaxation,0.033,0.9775390625
simons,8,period_00100001,5,16,8,24,thermal_relaxation,0.05,0.968505859375
simons,8,period_00100001,5,16,8,24,thermal_relaxation,0.1,0.936279296875
simons,8,period_01110101,8,16,11,27,none,0.0,1.0
simons,8,period_01110101,8,16,11,27,depolarizing,0.001,0.986328125
simons,8,period_01110101,8,16,11,27,depolarizing,0.005,0.93505859375
simons,8,period_01110101,8,16,11,27,depolarizing,0.01,0.88232421875
simons,8,period_01110101,8,16,11,27,depolarizing,0.02,0.794189453125
simons,8,period_01110101,8,16,11,27,depolarizing,0.05,0.645751953125
simons,8,period_01110101,8,16,11,27,depolarizing,0.1,0.527587890625
simons,8,period_01110101,8,16,11,27,amplitude_damping,0.001,0.991455078125
simons,8,period_01110101,8,16,11,27,amplitude_damping,0.005,0.962890625
simons,8,period_01110101,8,16,11,27,amplitude_damping,0.01,0.939453125
simons,8,period_01110101,8,16,11,27,amplitude_damping,0.02,0.881591796875
simons,8,period_01110101,8,16,11,27,amplitude_damping,0.05,0.74462890625
simons,8,period_01110101,8,16,11,27,amplitude_damping,0.1,0.614501953125
simons,8,period_01110101,8,16,11,27,thermal_relaxation,0.01,0.972412109375
simons,8,period_01110101,8,16,11,27,thermal_relaxation,0.02,0.9501953125
simons,8,period_01110101,8,16,11,27,thermal_relaxation,0.033,0.925048828125
simons,8,period_01110101,8,16,11,27,thermal_relaxation,0.05,0.892333984375
simons,8,period_01110101,8,16,11,27,thermal_relaxation,0.1,0.799072265625
simons,8,period_10110000,6,16,9,25,none,0.0,1.0
simons,8,period_10110000,6,16,9,25,depolarizing,0.001,0.992431640625
simons,8,period_10110000,6,16,9,25,depolarizing,0.005,0.963623046875
simons,8,period_10110000,6,16,9,25,depolarizing,0.01,0.9326171875
simons,8,period_10110000,6,16,9,25,depolarizing,0.02,0.88134765625
simons,8,period_10110000,6,16,9,25,depolarizing,0.05,0.736572265625
simons,8,period_10110000,6,16,9,25,depolarizing,0.1,0.61572265625
simons,8,period_10110000,6,16,9,25,amplitude_damping,0.001,0.994873046875
simons,8,period_10110000,6,16,9,25,amplitude_damping,0.005,0.980712890625
simons,8,period_10110000,6,16,9,25,amplitude_damping,0.01,0.95947265625
simons,8,period_10110000,6,16,9,25,amplitude_damping,0.02,0.9287109375
simons,8,period_10110000,6,16,9,25,amplitude_damping,0.05,0.836181640625
simons,8,period_10110000,6,16,9,25,amplitude_damping,0.1,0.72021484375
simons,8,period_10110000,6,16,9,25,thermal_relaxation,0.01,0.9873046875
simons,8,period_10110000,6,16,9,25,thermal_relaxation,0.02,0.9755859375
simons,8,period_10110000,6,16,9,25,thermal_relaxation,0.033,0.960693359375
simons,8,period_10110000,6,16,9,25,thermal_relaxation,0.05,0.943603515625
simons,8,period_10110000,6,16,9,25,thermal_relaxation,0.1,0.883544921875
